{
  "version": "1.0",
  "quarter": "02-Эмиратс",
  "updated_at": "2025-09-22T17:42:35.877232",
  "total_apartments": 25,
  "apartments": [
    {
      "id": "8",
      "apartment": "Квартира №899",
      "type": "Квартира",
      "quarter": "Квартал — 02 Эмиратс",
      "status": "Статус: Сдано",
      "address": "проспект Мира, дом 1",
      "location": "Местоположение: Минск Мир, Дом Эмиратс Волна 8с",
      "house_number": "Эмиратс Волна 8с",
      "house_name": "Диадема",
      "floor": "Этаж: 7",
      "floor_total": "Этажность дома: 22",
      "area": 85.3,
      "price_per_sqm": 1490.0,
      "total_price": 130375.0
    },
    {
      "id": "9",
      "apartment": "Квартира №955",
      "type": "Квартира",
      "quarter": "Квартал — 02 Эмиратс",
      "status": "Статус: Сдано",
      "address": "проспект Мира, дом 1",
      "location": "Местоположение: Минск Мир, Дом Эмиратс Волна 8с",
      "house_number": "Эмиратс Волна 8с",
      "house_name": "Диадема",
      "floor": "Этаж: 14",
      "floor_total": "Этажность дома: 22",
      "area": 86.1,
      "price_per_sqm": 1490.0,
      "total_price": 131567.0
    },
    {
      "id": "42",
      "apartment": "Квартира №915",
      "type": "Квартира",
      "quarter": "Квартал — 02 Эмиратс",
      "status": "Статус: Сдано",
      "address": "проспект Мира, дом 1",
      "location": "Местоположение: Минск Мир, Дом Эмиратс Волна 8с",
      "house_number": "Эмиратс Волна 8с",
      "house_name": "Диадема",
      "floor": "Этаж: 9",
      "floor_total": "Этажность дома: 22",
      "area": 85.2,
      "price_per_sqm": 1490.0,
      "total_price": 130226.0
    },
    {
      "id": "43",
      "apartment": "Квартира №923",
      "type": "Квартира",
      "quarter": "Квартал — 02 Эмиратс",
      "status": "Статус: Сдано",
      "address": "проспект Мира, дом 1",
      "location": "Местоположение: Минск Мир, Дом Эмиратс Волна 8с",
      "house_number": "Эмиратс Волна 8с",
      "house_name": "Диадема",
      "floor": "Этаж: 10",
      "floor_total": "Этажность дома: 22",
      "area": 85.2,
      "price_per_sqm": 1490.0,
      "total_price": 130226.0
    },
    {
      "id": "44",
      "apartment": "Квартира №947",
      "type": "Квартира",
      "quarter": "Квартал — 02 Эмиратс",
      "status": "Статус: Сдано",
      "address": "проспект Мира, дом 1",
      "location": "Местоположение: Минск Мир, Дом Эмиратс Волна 8с",
      "house_number": "Эмиратс Волна 8с",
      "house_name": "Диадема",
      "floor": "Этаж: 13",
      "floor_total": "Этажность дома: 22",
      "area": 86.2,
      "price_per_sqm": 1490.0,
      "total_price": 131716.0
    },
    {
      "id": "45",
      "apartment": "Квартира №867",
      "type": "Квартира",
      "quarter": "Квартал — 02 Эмиратс",
      "status": "Статус: Сдано",
      "address": "проспект Мира, дом 1",
      "location": "Местоположение: Минск Мир, Дом Эмиратс Волна 8с",
      "house_number": "Эмиратс Волна 8с",
      "house_name": "Диадема",
      "floor": "Этаж: 3",
      "floor_total": "Этажность дома: 22",
      "area": 85.1,
      "price_per_sqm": 1490.0,
      "total_price": 129928.0
    },
    {
      "id": "46",
      "apartment": "Квартира №883",
      "type": "Квартира",
      "quarter": "Квартал — 02 Эмиратс",
      "status": "Статус: Сдано",
      "address": "проспект Мира, дом 1",
      "location": "Местоположение: Минск Мир, Дом Эмиратс Волна 8с",
      "house_number": "Эмиратс Волна 8с",
      "house_name": "Диадема",
      "floor": "Этаж: 5",
      "floor_total": "Этажность дома: 22",
      "area": 85.1,
      "price_per_sqm": 1490.0,
      "total_price": 130077.0
    },
    {
      "id": "47",
      "apartment": "Квартира №859",
      "type": "Квартира",
      "quarter": "Квартал — 02 Эмиратс",
      "status": "Статус: Сдано",
      "address": "проспект Мира, дом 1",
      "location": "Местоположение: Минск Мир, Дом Эмиратс Волна 8с",
      "house_number": "Эмиратс Волна 8с",
      "house_name": "Диадема",
      "floor": "Этаж: 2",
      "floor_total": "Этажность дома: 22",
      "area": 85.0,
      "price_per_sqm": 1490.0,
      "total_price": 129630.0
    },
    {
      "id": "48",
      "apartment": "Квартира №907",
      "type": "Квартира",
      "quarter": "Квартал — 02 Эмиратс",
      "status": "Статус: Сдано",
      "address": "проспект Мира, дом 1",
      "location": "Местоположение: Минск Мир, Дом Эмиратс Волна 8с",
      "house_number": "Эмиратс Волна 8с",
      "house_name": "Диадема",
      "floor": "Этаж: 8",
      "floor_total": "Этажность дома: 22",
      "area": 85.5,
      "price_per_sqm": 1490.0,
      "total_price": 130673.0
    },
    {
      "id": "49",
      "apartment": "Квартира №891",
      "type": "Квартира",
      "quarter": "Квартал — 02 Эмиратс",
      "status": "Статус: Сдано",
      "address": "проспект Мира, дом 1",
      "location": "Местоположение: Минск Мир, Дом Эмиратс Волна 8с",
      "house_number": "Эмиратс Волна 8с",
      "house_name": "Диадема",
      "floor": "Этаж: 6",
      "floor_total": "Этажность дома: 22",
      "area": 85.1,
      "price_per_sqm": 1490.0,
      "total_price": 129928.0
    },
    {
      "id": "50",
      "apartment": "Квартира №931",
      "type": "Квартира",
      "quarter": "Квартал — 02 Эмиратс",
      "status": "Статус: Сдано",
      "address": "проспект Мира, дом 1",
      "location": "Местоположение: Минск Мир, Дом Эмиратс Волна 8с",
      "house_number": "Эмиратс Волна 8с",
      "house_name": "Диадема",
      "floor": "Этаж: 11",
      "floor_total": "Этажность дома: 22",
      "area": 86.8,
      "price_per_sqm": 1490.0,
      "total_price": 132461.0
    },
    {
      "id": "124",
      "apartment": "Пентхаус №120",
      "type": "Пентхаус",
      "quarter": "Квартал — 02 Эмиратс",
      "status": "Статус: Сдано",
      "address": "ул. Аэродромная, 32",
      "location": "Местоположение: Минск Мир, Дом Диадема",
      "house_number": "Диадема",
      "house_name": "",
      "floor": "Этаж: 16",
      "floor_total": "Этажность дома: 24",
      "area": 123.3,
      "price_per_sqm": 1390.0,
      "total_price": 171387.0
    },
    {
      "id": "261",
      "apartment": "Квартира №12",
      "type": "Квартира",
      "quarter": "Квартал — 02 Эмиратс",
      "status": "Статус: Сдано",
      "address": "ул. Братская, 14",
      "location": "Местоположение: Минск Мир, Дом Жемчужина 2.10",
      "house_number": "Жемчужина 2.10",
      "house_name": "Диадема",
      "floor": "Этаж: 3",
      "floor_total": "Этажность дома: 22",
      "area": 83.7,
      "price_per_sqm": 1540.0,
      "total_price": 128898.0
    },
    {
      "id": "609",
      "apartment": "Пентхаус №143(н.141)",
      "type": "Пентхаус",
      "quarter": "Квартал — 02 Эмиратс",
      "status": "Статус: Сдано",
      "address": "ул. Братская, 2",
      "location": "Местоположение: Минск Мир, Дом Марина 1",
      "house_number": "Марина 1",
      "house_name": "",
      "floor": "Этаж: 13",
      "floor_total": "Этажность дома: 25",
      "area": 86.5,
      "price_per_sqm": 1420.0,
      "total_price": 122830.0
    },
    {
      "id": "1947",
      "apartment": "Квартира №749",
      "type": "Квартира",
      "quarter": "Квартал — 02 Эмиратс",
      "status": "Статус: Сдано",
      "address": "проспект Мира, дом 1",
      "location": "Местоположение: Минск Мир, Дом Эмиратс Волна 7с",
      "house_number": "Эмиратс Волна 7с",
      "house_name": "Диадема",
      "floor": "Этаж: 4",
      "floor_total": "Этажность дома: 22",
      "area": 86.1,
      "price_per_sqm": 1490.0,
      "total_price": 131567.0
    },
    {
      "id": "1948",
      "apartment": "Квартира №733",
      "type": "Квартира",
      "quarter": "Квартал — 02 Эмиратс",
      "status": "Статус: Сдано",
      "address": "проспект Мира, дом 1",
      "location": "Местоположение: Минск Мир, Дом Эмиратс Волна 7с",
      "house_number": "Эмиратс Волна 7с",
      "house_name": "Диадема",
      "floor": "Этаж: 2",
      "floor_total": "Этажность дома: 22",
      "area": 86.2,
      "price_per_sqm": 1490.0,
      "total_price": 131418.0
    },
    {
      "id": "1949",
      "apartment": "Квартира №851",
      "type": "Квартира",
      "quarter": "Квартал — 02 Эмиратс",
      "status": "Статус: Сдано",
      "address": "проспект Мира, дом 1",
      "location": "Местоположение: Минск Мир, Дом Эмиратс Волна 7с",
      "house_number": "Эмиратс Волна 7с",
      "house_name": "Диадема",
      "floor": "Этаж: 17",
      "floor_total": "Этажность дома: 22",
      "area": 86.8,
      "price_per_sqm": 1490.0,
      "total_price": 132312.0
    },
    {
      "id": "2062",
      "apartment": "Квартира №765",
      "type": "Квартира",
      "quarter": "Квартал — 02 Эмиратс",
      "status": "Статус: Сдано",
      "address": "проспект Мира, дом 1",
      "location": "Местоположение: Минск Мир, Дом Эмиратс Волна 7с",
      "house_number": "Эмиратс Волна 7с",
      "house_name": "Диадема",
      "floor": "Этаж: 6",
      "floor_total": "Этажность дома: 22",
      "area": 85.6,
      "price_per_sqm": 1490.0,
      "total_price": 130673.0
    },
    {
      "id": "2063",
      "apartment": "Квартира №813",
      "type": "Квартира",
      "quarter": "Квартал — 02 Эмиратс",
      "status": "Статус: Сдано",
      "address": "проспект Мира, дом 1",
      "location": "Местоположение: Минск Мир, Дом Эмиратс Волна 7с",
      "house_number": "Эмиратс Волна 7с",
      "house_name": "Диадема",
      "floor": "Этаж: 12",
      "floor_total": "Этажность дома: 22",
      "area": 87.0,
      "price_per_sqm": 1490.0,
      "total_price": 132759.0
    },
    {
      "id": "2064",
      "apartment": "Квартира №837",
      "type": "Квартира",
      "quarter": "Квартал — 02 Эмиратс",
      "status": "Статус: Сдано",
      "address": "проспект Мира, дом 1",
      "location": "Местоположение: Минск Мир, Дом Эмиратс Волна 7с",
      "house_number": "Эмиратс Волна 7с",
      "house_name": "Диадема",
      "floor": "Этаж: 15",
      "floor_total": "Этажность дома: 22",
      "area": 86.2,
      "price_per_sqm": 1490.0,
      "total_price": 131567.0
    },
    {
      "id": "2065",
      "apartment": "Пентхаус №855",
      "type": "Пентхаус",
      "quarter": "Квартал — 02 Эмиратс",
      "status": "Статус: Сдано",
      "address": "проспект Мира, дом 1",
      "location": "Местоположение: Минск Мир, Дом Эмиратс Волна 7с",
      "house_number": "Эмиратс Волна 7с",
      "house_name": "Диадема",
      "floor": "Этаж: 18",
      "floor_total": "Этажность дома: 22",
      "area": 86.5,
      "price_per_sqm": 1490.0,
      "total_price": 132014.0
    },
    {
      "id": "2066",
      "apartment": "Квартира №741",
      "type": "Квартира",
      "quarter": "Квартал — 02 Эмиратс",
      "status": "Статус: Сдано",
      "address": "проспект Мира, дом 1",
      "location": "Местоположение: Минск Мир, Дом Эмиратс Волна 7с",
      "house_number": "Эмиратс Волна 7с",
      "house_name": "Диадема",
      "floor": "Этаж: 3",
      "floor_total": "Этажность дома: 22",
      "area": 85.9,
      "price_per_sqm": 1490.0,
      "total_price": 131120.0
    },
    {
      "id": "2067",
      "apartment": "Квартира №843",
      "type": "Квартира",
      "quarter": "Квартал — 02 Эмиратс",
      "status": "Статус: Сдано",
      "address": "проспект Мира, дом 1",
      "location": "Местоположение: Минск Мир, Дом Эмиратс Волна 7с",
      "house_number": "Эмиратс Волна 7с",
      "house_name": "Диадема",
      "floor": "Этаж: 16",
      "floor_total": "Этажность дома: 22",
      "area": 86.8,
      "price_per_sqm": 1490.0,
      "total_price": 132461.0
    },
    {
      "id": "2068",
      "apartment": "Квартира №797",
      "type": "Квартира",
      "quarter": "Квартал — 02 Эмиратс",
      "status": "Статус: Сдано",
      "address": "проспект Мира, дом 1",
      "location": "Местоположение: Минск Мир, Дом Эмиратс Волна 7с",
      "house_number": "Эмиратс Волна 7с",
      "house_name": "Диадема",
      "floor": "Этаж: 10",
      "floor_total": "Этажность дома: 22",
      "area": 86.8,
      "price_per_sqm": 1490.0,
      "total_price": 132610.0
    },
    {
      "id": "4194",
      "apartment": "Пентхаус №237",
      "type": "Пентхаус",
      "quarter": "Квартал — 02 Эмиратс",
      "status": "Статус: Сдано",
      "address": "ул. Аэродромная, 32",
      "location": "Местоположение: Минск Мир, Дом Диадема",
      "house_number": "Диадема",
      "house_name": "",
      "floor": "Этаж: 18",
      "floor_total": "Этажность дома: 24",
      "area": 126.5,
      "price_per_sqm": 1390.0,
      "total_price": 175835.0
    }
  ],
  "statistics": {
    "min_price": 122830.0,
    "max_price": 175835.0,
    "avg_price": 134170.32,
    "min_area": 83.7,
    "max_area": 126.5,
    "available_count": 0
  }
}