{
  "version": "1.0",
  "quarter": "11-Австралия-и-Океания",
  "updated_at": "2025-09-22T17:42:35.885314",
  "total_apartments": 103,
  "apartments": [
    {
      "id": "1318",
      "apartment": "Бизнес-апартаменты  № 7.27",
      "type": "Бизнес-апартаменты",
      "quarter": "Квартал — 11 Австралия и Океания",
      "status": "Статус: Строящиеся Бизнес-апартаменты",
      "address": "",
      "location": "Местоположение: Минск Мир, Дом 11.4",
      "house_number": "11.4",
      "house_name": "Пацифик",
      "floor": "Этаж: 7",
      "floor_total": "Этажность дома: 15",
      "area": 83.51,
      "price_per_sqm": 1490.0,
      "total_price": 124430.0
    },
    {
      "id": "1332",
      "apartment": "Бизнес-апартаменты  № 14.26",
      "type": "Бизнес-апартаменты",
      "quarter": "Квартал — 11 Австралия и Океания",
      "status": "Статус: Строящиеся Бизнес-апартаменты",
      "address": "",
      "location": "Местоположение: Минск Мир, Дом 11.4",
      "house_number": "11.4",
      "house_name": "Пацифик",
      "floor": "Этаж: 14",
      "floor_total": "Этажность дома: 15",
      "area": 77.45,
      "price_per_sqm": 1500.0,
      "total_price": 116175.0
    },
    {
      "id": "1333",
      "apartment": "Бизнес-апартаменты  № 2.9",
      "type": "Бизнес-апартаменты",
      "quarter": "Квартал — 11 Австралия и Океания",
      "status": "Статус: Строящиеся Бизнес-апартаменты",
      "address": "",
      "location": "Местоположение: Минск Мир, Дом 11.4",
      "house_number": "11.4",
      "house_name": "Пацифик",
      "floor": "Этаж: 2",
      "floor_total": "Этажность дома: 15",
      "area": 84.56,
      "price_per_sqm": 1480.0,
      "total_price": 125149.0
    },
    {
      "id": "1334",
      "apartment": "Бизнес-апартаменты  № 3.27",
      "type": "Бизнес-апартаменты",
      "quarter": "Квартал — 11 Австралия и Океания",
      "status": "Статус: Строящиеся Бизнес-апартаменты",
      "address": "",
      "location": "Местоположение: Минск Мир, Дом 11.4",
      "house_number": "11.4",
      "house_name": "Пацифик",
      "floor": "Этаж: 3",
      "floor_total": "Этажность дома: 15",
      "area": 83.51,
      "price_per_sqm": 1490.0,
      "total_price": 124430.0
    },
    {
      "id": "1335",
      "apartment": "Бизнес-апартаменты  № 8.15",
      "type": "Бизнес-апартаменты",
      "quarter": "Квартал — 11 Австралия и Океания",
      "status": "Статус: Строящиеся Бизнес-апартаменты",
      "address": "",
      "location": "Местоположение: Минск Мир, Дом 11.4",
      "house_number": "11.4",
      "house_name": "Пацифик",
      "floor": "Этаж: 8",
      "floor_total": "Этажность дома: 15",
      "area": 76.11,
      "price_per_sqm": 1500.0,
      "total_price": 114165.0
    },
    {
      "id": "1336",
      "apartment": "Бизнес-апартаменты  № 14.7",
      "type": "Бизнес-апартаменты",
      "quarter": "Квартал — 11 Австралия и Океания",
      "status": "Статус: Строящиеся Бизнес-апартаменты",
      "address": "",
      "location": "Местоположение: Минск Мир, Дом 11.4",
      "house_number": "11.4",
      "house_name": "Пацифик",
      "floor": "Этаж: 14",
      "floor_total": "Этажность дома: 15",
      "area": 86.57,
      "price_per_sqm": 1480.0,
      "total_price": 128124.0
    },
    {
      "id": "1337",
      "apartment": "Бизнес-апартаменты  № 14.21",
      "type": "Бизнес-апартаменты",
      "quarter": "Квартал — 11 Австралия и Океания",
      "status": "Статус: Строящиеся Бизнес-апартаменты",
      "address": "",
      "location": "Местоположение: Минск Мир, Дом 11.4",
      "house_number": "11.4",
      "house_name": "Пацифик",
      "floor": "Этаж: 14",
      "floor_total": "Этажность дома: 15",
      "area": 77.87,
      "price_per_sqm": 1500.0,
      "total_price": 116805.0
    },
    {
      "id": "1338",
      "apartment": "Бизнес-апартаменты  № 10.9",
      "type": "Бизнес-апартаменты",
      "quarter": "Квартал — 11 Австралия и Океания",
      "status": "Статус: Строящиеся Бизнес-апартаменты",
      "address": "",
      "location": "Местоположение: Минск Мир, Дом 11.4",
      "house_number": "11.4",
      "house_name": "Пацифик",
      "floor": "Этаж: 10",
      "floor_total": "Этажность дома: 15",
      "area": 84.2,
      "price_per_sqm": 1480.0,
      "total_price": 124616.0
    },
    {
      "id": "1339",
      "apartment": "Бизнес-апартаменты  № 11.27",
      "type": "Бизнес-апартаменты",
      "quarter": "Квартал — 11 Австралия и Океания",
      "status": "Статус: Строящиеся Бизнес-апартаменты",
      "address": "",
      "location": "Местоположение: Минск Мир, Дом 11.4",
      "house_number": "11.4",
      "house_name": "Пацифик",
      "floor": "Этаж: 11",
      "floor_total": "Этажность дома: 15",
      "area": 83.21,
      "price_per_sqm": 1490.0,
      "total_price": 123983.0
    },
    {
      "id": "1340",
      "apartment": "Бизнес-апартаменты  № 14.6",
      "type": "Бизнес-апартаменты",
      "quarter": "Квартал — 11 Австралия и Океания",
      "status": "Статус: Строящиеся Бизнес-апартаменты",
      "address": "",
      "location": "Местоположение: Минск Мир, Дом 11.4",
      "house_number": "11.4",
      "house_name": "Пацифик",
      "floor": "Этаж: 14",
      "floor_total": "Этажность дома: 15",
      "area": 75.81,
      "price_per_sqm": 1500.0,
      "total_price": 113715.0
    },
    {
      "id": "1390",
      "apartment": "Бизнес-апартаменты  № 8.21",
      "type": "Бизнес-апартаменты",
      "quarter": "Квартал — 11 Австралия и Океания",
      "status": "Статус: Строящиеся Бизнес-апартаменты",
      "address": "",
      "location": "Местоположение: Минск Мир, Дом 11.4",
      "house_number": "11.4",
      "house_name": "Пацифик",
      "floor": "Этаж: 8",
      "floor_total": "Этажность дома: 15",
      "area": 78.43,
      "price_per_sqm": 1500.0,
      "total_price": 117645.0
    },
    {
      "id": "1391",
      "apartment": "Бизнес-апартаменты  № 14.8",
      "type": "Бизнес-апартаменты",
      "quarter": "Квартал — 11 Австралия и Океания",
      "status": "Статус: Строящиеся Бизнес-апартаменты",
      "address": "",
      "location": "Местоположение: Минск Мир, Дом 11.4",
      "house_number": "11.4",
      "house_name": "Пацифик",
      "floor": "Этаж: 14",
      "floor_total": "Этажность дома: 15",
      "area": 90.55,
      "price_per_sqm": 1480.0,
      "total_price": 134014.0
    },
    {
      "id": "1392",
      "apartment": "Бизнес-апартаменты  № 14.20",
      "type": "Бизнес-апартаменты",
      "quarter": "Квартал — 11 Австралия и Океания",
      "status": "Статус: Строящиеся Бизнес-апартаменты",
      "address": "",
      "location": "Местоположение: Минск Мир, Дом 11.4",
      "house_number": "11.4",
      "house_name": "Пацифик",
      "floor": "Этаж: 14",
      "floor_total": "Этажность дома: 15",
      "area": 86.86,
      "price_per_sqm": 1480.0,
      "total_price": 128553.0
    },
    {
      "id": "1393",
      "apartment": "Бизнес-апартаменты  № 14.1",
      "type": "Бизнес-апартаменты",
      "quarter": "Квартал — 11 Австралия и Океания",
      "status": "Статус: Строящиеся Бизнес-апартаменты",
      "address": "",
      "location": "Местоположение: Минск Мир, Дом 11.4",
      "house_number": "11.4",
      "house_name": "Пацифик",
      "floor": "Этаж: 14",
      "floor_total": "Этажность дома: 15",
      "area": 86.01,
      "price_per_sqm": 1480.0,
      "total_price": 127295.0
    },
    {
      "id": "1394",
      "apartment": "Бизнес-апартаменты  № 8.14",
      "type": "Бизнес-апартаменты",
      "quarter": "Квартал — 11 Австралия и Океания",
      "status": "Статус: Строящиеся Бизнес-апартаменты",
      "address": "",
      "location": "Местоположение: Минск Мир, Дом 11.4",
      "house_number": "11.4",
      "house_name": "Пацифик",
      "floor": "Этаж: 8",
      "floor_total": "Этажность дома: 15",
      "area": 90.81,
      "price_per_sqm": 1480.0,
      "total_price": 134399.0
    },
    {
      "id": "1395",
      "apartment": "Бизнес-апартаменты  № 14.18",
      "type": "Бизнес-апартаменты",
      "quarter": "Квартал — 11 Австралия и Океания",
      "status": "Статус: Строящиеся Бизнес-апартаменты",
      "address": "",
      "location": "Местоположение: Минск Мир, Дом 11.4",
      "house_number": "11.4",
      "house_name": "Пацифик",
      "floor": "Этаж: 14",
      "floor_total": "Этажность дома: 15",
      "area": 73.98,
      "price_per_sqm": 1500.0,
      "total_price": 110970.0
    },
    {
      "id": "1396",
      "apartment": "Бизнес-апартаменты  № 8.3",
      "type": "Бизнес-апартаменты",
      "quarter": "Квартал — 11 Австралия и Океания",
      "status": "Статус: Строящиеся Бизнес-апартаменты",
      "address": "",
      "location": "Местоположение: Минск Мир, Дом 11.4",
      "house_number": "11.4",
      "house_name": "Пацифик",
      "floor": "Этаж: 8",
      "floor_total": "Этажность дома: 15",
      "area": 72.73,
      "price_per_sqm": 1500.0,
      "total_price": 109095.0
    },
    {
      "id": "1397",
      "apartment": "Бизнес-апартаменты  № 4.27",
      "type": "Бизнес-апартаменты",
      "quarter": "Квартал — 11 Австралия и Океания",
      "status": "Статус: Строящиеся Бизнес-апартаменты",
      "address": "",
      "location": "Местоположение: Минск Мир, Дом 11.4",
      "house_number": "11.4",
      "house_name": "Пацифик",
      "floor": "Этаж: 4",
      "floor_total": "Этажность дома: 15",
      "area": 83.51,
      "price_per_sqm": 1490.0,
      "total_price": 124430.0
    },
    {
      "id": "1398",
      "apartment": "Бизнес-апартаменты  № 8.7",
      "type": "Бизнес-апартаменты",
      "quarter": "Квартал — 11 Австралия и Океания",
      "status": "Статус: Строящиеся Бизнес-апартаменты",
      "address": "",
      "location": "Местоположение: Минск Мир, Дом 11.4",
      "house_number": "11.4",
      "house_name": "Пацифик",
      "floor": "Этаж: 8",
      "floor_total": "Этажность дома: 15",
      "area": 86.45,
      "price_per_sqm": 1480.0,
      "total_price": 127946.0
    },
    {
      "id": "1412",
      "apartment": "Бизнес-апартаменты  № 14.15",
      "type": "Бизнес-апартаменты",
      "quarter": "Квартал — 11 Австралия и Океания",
      "status": "Статус: Строящиеся Бизнес-апартаменты",
      "address": "",
      "location": "Местоположение: Минск Мир, Дом 11.4",
      "house_number": "11.4",
      "house_name": "Пацифик",
      "floor": "Этаж: 14",
      "floor_total": "Этажность дома: 15",
      "area": 75.83,
      "price_per_sqm": 1500.0,
      "total_price": 113745.0
    },
    {
      "id": "1413",
      "apartment": "Бизнес-апартаменты  № 8.6",
      "type": "Бизнес-апартаменты",
      "quarter": "Квартал — 11 Австралия и Океания",
      "status": "Статус: Строящиеся Бизнес-апартаменты",
      "address": "",
      "location": "Местоположение: Минск Мир, Дом 11.4",
      "house_number": "11.4",
      "house_name": "Пацифик",
      "floor": "Этаж: 8",
      "floor_total": "Этажность дома: 15",
      "area": 76.1,
      "price_per_sqm": 1500.0,
      "total_price": 114150.0
    },
    {
      "id": "1414",
      "apartment": "Бизнес-апартаменты  № 8.26",
      "type": "Бизнес-апартаменты",
      "quarter": "Квартал — 11 Австралия и Океания",
      "status": "Статус: Строящиеся Бизнес-апартаменты",
      "address": "",
      "location": "Местоположение: Минск Мир, Дом 11.4",
      "house_number": "11.4",
      "house_name": "Пацифик",
      "floor": "Этаж: 8",
      "floor_total": "Этажность дома: 15",
      "area": 78.12,
      "price_per_sqm": 1500.0,
      "total_price": 117180.0
    },
    {
      "id": "1415",
      "apartment": "Бизнес-апартаменты  № 7.9",
      "type": "Бизнес-апартаменты",
      "quarter": "Квартал — 11 Австралия и Океания",
      "status": "Статус: Строящиеся Бизнес-апартаменты",
      "address": "",
      "location": "Местоположение: Минск Мир, Дом 11.4",
      "house_number": "11.4",
      "house_name": "Пацифик",
      "floor": "Этаж: 7",
      "floor_total": "Этажность дома: 15",
      "area": 84.56,
      "price_per_sqm": 1480.0,
      "total_price": 125149.0
    },
    {
      "id": "1416",
      "apartment": "Бизнес-апартаменты  № 6.9",
      "type": "Бизнес-апартаменты",
      "quarter": "Квартал — 11 Австралия и Океания",
      "status": "Статус: Строящиеся Бизнес-апартаменты",
      "address": "",
      "location": "Местоположение: Минск Мир, Дом 11.4",
      "house_number": "11.4",
      "house_name": "Пацифик",
      "floor": "Этаж: 6",
      "floor_total": "Этажность дома: 15",
      "area": 84.56,
      "price_per_sqm": 1480.0,
      "total_price": 125149.0
    },
    {
      "id": "1417",
      "apartment": "Бизнес-апартаменты  № 12.9",
      "type": "Бизнес-апартаменты",
      "quarter": "Квартал — 11 Австралия и Океания",
      "status": "Статус: Строящиеся Бизнес-апартаменты",
      "address": "",
      "location": "Местоположение: Минск Мир, Дом 11.4",
      "house_number": "11.4",
      "house_name": "Пацифик",
      "floor": "Этаж: 12",
      "floor_total": "Этажность дома: 15",
      "area": 85.95,
      "price_per_sqm": 1480.0,
      "total_price": 127206.0
    },
    {
      "id": "1418",
      "apartment": "Бизнес-апартаменты  № 8.20",
      "type": "Бизнес-апартаменты",
      "quarter": "Квартал — 11 Австралия и Океания",
      "status": "Статус: Строящиеся Бизнес-апартаменты",
      "address": "",
      "location": "Местоположение: Минск Мир, Дом 11.4",
      "house_number": "11.4",
      "house_name": "Пацифик",
      "floor": "Этаж: 8",
      "floor_total": "Этажность дома: 15",
      "area": 86.89,
      "price_per_sqm": 1480.0,
      "total_price": 128597.0
    },
    {
      "id": "1419",
      "apartment": "Бизнес-апартаменты  № 8.1",
      "type": "Бизнес-апартаменты",
      "quarter": "Квартал — 11 Австралия и Океания",
      "status": "Статус: Строящиеся Бизнес-апартаменты",
      "address": "",
      "location": "Местоположение: Минск Мир, Дом 11.4",
      "house_number": "11.4",
      "house_name": "Пацифик",
      "floor": "Этаж: 8",
      "floor_total": "Этажность дома: 15",
      "area": 86.04,
      "price_per_sqm": 1480.0,
      "total_price": 127339.0
    },
    {
      "id": "1420",
      "apartment": "Бизнес-апартаменты  № 12.19",
      "type": "Бизнес-апартаменты",
      "quarter": "Квартал — 11 Австралия и Океания",
      "status": "Статус: Строящиеся Бизнес-апартаменты",
      "address": "",
      "location": "Местоположение: Минск Мир, Дом 11.4",
      "house_number": "11.4",
      "house_name": "Пацифик",
      "floor": "Этаж: 12",
      "floor_total": "Этажность дома: 15",
      "area": 88.64,
      "price_per_sqm": 1480.0,
      "total_price": 131187.0
    },
    {
      "id": "1434",
      "apartment": "Бизнес-апартаменты  № 15.14",
      "type": "Бизнес-апартаменты",
      "quarter": "Квартал — 11 Австралия и Океания",
      "status": "Статус: Строящиеся Бизнес-апартаменты",
      "address": "",
      "location": "Местоположение: Минск Мир, Дом 11.4",
      "house_number": "11.4",
      "house_name": "Пацифик",
      "floor": "Этаж: 15",
      "floor_total": "Этажность дома: 15",
      "area": 73.59,
      "price_per_sqm": 1500.0,
      "total_price": 110385.0
    },
    {
      "id": "1435",
      "apartment": "Бизнес-апартаменты  № 5.1",
      "type": "Бизнес-апартаменты",
      "quarter": "Квартал — 11 Австралия и Океания",
      "status": "Статус: Строящиеся Бизнес-апартаменты",
      "address": "",
      "location": "Местоположение: Минск Мир, Дом 11.4",
      "house_number": "11.4",
      "house_name": "Пацифик",
      "floor": "Этаж: 5",
      "floor_total": "Этажность дома: 15",
      "area": 83.57,
      "price_per_sqm": 1490.0,
      "total_price": 124519.0
    },
    {
      "id": "1436",
      "apartment": "Бизнес-апартаменты  № 10.27",
      "type": "Бизнес-апартаменты",
      "quarter": "Квартал — 11 Австралия и Океания",
      "status": "Статус: Строящиеся Бизнес-апартаменты",
      "address": "",
      "location": "Местоположение: Минск Мир, Дом 11.4",
      "house_number": "11.4",
      "house_name": "Пацифик",
      "floor": "Этаж: 10",
      "floor_total": "Этажность дома: 15",
      "area": 83.21,
      "price_per_sqm": 1490.0,
      "total_price": 123983.0
    },
    {
      "id": "1437",
      "apartment": "Бизнес-апартаменты  № 8.8",
      "type": "Бизнес-апартаменты",
      "quarter": "Квартал — 11 Австралия и Океания",
      "status": "Статус: Строящиеся Бизнес-апартаменты",
      "address": "",
      "location": "Местоположение: Минск Мир, Дом 11.4",
      "house_number": "11.4",
      "house_name": "Пацифик",
      "floor": "Этаж: 8",
      "floor_total": "Этажность дома: 15",
      "area": 90.55,
      "price_per_sqm": 1480.0,
      "total_price": 134014.0
    },
    {
      "id": "1438",
      "apartment": "Бизнес-апартаменты  № 13.27",
      "type": "Бизнес-апартаменты",
      "quarter": "Квартал — 11 Австралия и Океания",
      "status": "Статус: Строящиеся Бизнес-апартаменты",
      "address": "",
      "location": "Местоположение: Минск Мир, Дом 11.4",
      "house_number": "11.4",
      "house_name": "Пацифик",
      "floor": "Этаж: 13",
      "floor_total": "Этажность дома: 15",
      "area": 83.21,
      "price_per_sqm": 1490.0,
      "total_price": 123983.0
    },
    {
      "id": "1439",
      "apartment": "Бизнес-апартаменты  № 5.9",
      "type": "Бизнес-апартаменты",
      "quarter": "Квартал — 11 Австралия и Океания",
      "status": "Статус: Строящиеся Бизнес-апартаменты",
      "address": "",
      "location": "Местоположение: Минск Мир, Дом 11.4",
      "house_number": "11.4",
      "house_name": "Пацифик",
      "floor": "Этаж: 5",
      "floor_total": "Этажность дома: 15",
      "area": 84.56,
      "price_per_sqm": 1480.0,
      "total_price": 125149.0
    },
    {
      "id": "1440",
      "apartment": "Бизнес-апартаменты  № 6.1",
      "type": "Бизнес-апартаменты",
      "quarter": "Квартал — 11 Австралия и Океания",
      "status": "Статус: Строящиеся Бизнес-апартаменты",
      "address": "",
      "location": "Местоположение: Минск Мир, Дом 11.4",
      "house_number": "11.4",
      "house_name": "Пацифик",
      "floor": "Этаж: 6",
      "floor_total": "Этажность дома: 15",
      "area": 83.57,
      "price_per_sqm": 1490.0,
      "total_price": 124519.0
    },
    {
      "id": "1441",
      "apartment": "Бизнес-апартаменты  № 8.25",
      "type": "Бизнес-апартаменты",
      "quarter": "Квартал — 11 Австралия и Океания",
      "status": "Статус: Строящиеся Бизнес-апартаменты",
      "address": "",
      "location": "Местоположение: Минск Мир, Дом 11.4",
      "house_number": "11.4",
      "house_name": "Пацифик",
      "floor": "Этаж: 8",
      "floor_total": "Этажность дома: 15",
      "area": 67.17,
      "price_per_sqm": 1510.0,
      "total_price": 101427.0
    },
    {
      "id": "1455",
      "apartment": "Бизнес-апартаменты  № 3.1",
      "type": "Бизнес-апартаменты",
      "quarter": "Квартал — 11 Австралия и Океания",
      "status": "Статус: Строящиеся Бизнес-апартаменты",
      "address": "",
      "location": "Местоположение: Минск Мир, Дом 11.4",
      "house_number": "11.4",
      "house_name": "Пацифик",
      "floor": "Этаж: 3",
      "floor_total": "Этажность дома: 15",
      "area": 83.57,
      "price_per_sqm": 1490.0,
      "total_price": 124519.0
    },
    {
      "id": "1456",
      "apartment": "Бизнес-апартаменты  № 14.14",
      "type": "Бизнес-апартаменты",
      "quarter": "Квартал — 11 Австралия и Океания",
      "status": "Статус: Строящиеся Бизнес-апартаменты",
      "address": "",
      "location": "Местоположение: Минск Мир, Дом 11.4",
      "house_number": "11.4",
      "house_name": "Пацифик",
      "floor": "Этаж: 14",
      "floor_total": "Этажность дома: 15",
      "area": 91.48,
      "price_per_sqm": 1480.0,
      "total_price": 135390.0
    },
    {
      "id": "1457",
      "apartment": "Бизнес-апартаменты  № 15.19",
      "type": "Бизнес-апартаменты",
      "quarter": "Квартал — 11 Австралия и Океания",
      "status": "Статус: Строящиеся Бизнес-апартаменты",
      "address": "",
      "location": "Местоположение: Минск Мир, Дом 11.4",
      "house_number": "11.4",
      "house_name": "Пацифик",
      "floor": "Этаж: 15",
      "floor_total": "Этажность дома: 15",
      "area": 64.22,
      "price_per_sqm": 1510.0,
      "total_price": 96972.0
    },
    {
      "id": "1458",
      "apartment": "Бизнес-апартаменты  № 4.1",
      "type": "Бизнес-апартаменты",
      "quarter": "Квартал — 11 Австралия и Океания",
      "status": "Статус: Строящиеся Бизнес-апартаменты",
      "address": "",
      "location": "Местоположение: Минск Мир, Дом 11.4",
      "house_number": "11.4",
      "house_name": "Пацифик",
      "floor": "Этаж: 4",
      "floor_total": "Этажность дома: 15",
      "area": 83.57,
      "price_per_sqm": 1490.0,
      "total_price": 124519.0
    },
    {
      "id": "1459",
      "apartment": "Бизнес-апартаменты  № 6.27",
      "type": "Бизнес-апартаменты",
      "quarter": "Квартал — 11 Австралия и Океания",
      "status": "Статус: Строящиеся Бизнес-апартаменты",
      "address": "",
      "location": "Местоположение: Минск Мир, Дом 11.4",
      "house_number": "11.4",
      "house_name": "Пацифик",
      "floor": "Этаж: 6",
      "floor_total": "Этажность дома: 15",
      "area": 83.51,
      "price_per_sqm": 1490.0,
      "total_price": 124430.0
    },
    {
      "id": "1460",
      "apartment": "Бизнес-апартаменты  № 14.9",
      "type": "Бизнес-апартаменты",
      "quarter": "Квартал — 11 Австралия и Океания",
      "status": "Статус: Строящиеся Бизнес-апартаменты",
      "address": "",
      "location": "Местоположение: Минск Мир, Дом 11.4",
      "house_number": "11.4",
      "house_name": "Пацифик",
      "floor": "Этаж: 14",
      "floor_total": "Этажность дома: 15",
      "area": 75.81,
      "price_per_sqm": 1500.0,
      "total_price": 113715.0
    },
    {
      "id": "1461",
      "apartment": "Бизнес-апартаменты  № 5.27",
      "type": "Бизнес-апартаменты",
      "quarter": "Квартал — 11 Австралия и Океания",
      "status": "Статус: Строящиеся Бизнес-апартаменты",
      "address": "",
      "location": "Местоположение: Минск Мир, Дом 11.4",
      "house_number": "11.4",
      "house_name": "Пацифик",
      "floor": "Этаж: 5",
      "floor_total": "Этажность дома: 15",
      "area": 83.51,
      "price_per_sqm": 1490.0,
      "total_price": 124430.0
    },
    {
      "id": "1462",
      "apartment": "Бизнес-апартаменты  № 4.9",
      "type": "Бизнес-апартаменты",
      "quarter": "Квартал — 11 Австралия и Океания",
      "status": "Статус: Строящиеся Бизнес-апартаменты",
      "address": "",
      "location": "Местоположение: Минск Мир, Дом 11.4",
      "house_number": "11.4",
      "house_name": "Пацифик",
      "floor": "Этаж: 4",
      "floor_total": "Этажность дома: 15",
      "area": 84.56,
      "price_per_sqm": 1480.0,
      "total_price": 125149.0
    },
    {
      "id": "1475",
      "apartment": "Бизнес-апартаменты  № 8.2",
      "type": "Бизнес-апартаменты",
      "quarter": "Квартал — 11 Австралия и Океания",
      "status": "Статус: Строящиеся Бизнес-апартаменты",
      "address": "",
      "location": "Местоположение: Минск Мир, Дом 11.4",
      "house_number": "11.4",
      "house_name": "Пацифик",
      "floor": "Этаж: 8",
      "floor_total": "Этажность дома: 15",
      "area": 72.79,
      "price_per_sqm": 1500.0,
      "total_price": 109185.0
    },
    {
      "id": "1476",
      "apartment": "Бизнес-апартаменты  № 2.19",
      "type": "Бизнес-апартаменты",
      "quarter": "Квартал — 11 Австралия и Океания",
      "status": "Статус: Строящиеся Бизнес-апартаменты",
      "address": "",
      "location": "Местоположение: Минск Мир, Дом 11.4",
      "house_number": "11.4",
      "house_name": "Пацифик",
      "floor": "Этаж: 2",
      "floor_total": "Этажность дома: 15",
      "area": 88.88,
      "price_per_sqm": 1480.0,
      "total_price": 131542.0
    },
    {
      "id": "1477",
      "apartment": "Бизнес-апартаменты  № 14.3",
      "type": "Бизнес-апартаменты",
      "quarter": "Квартал — 11 Австралия и Океания",
      "status": "Статус: Строящиеся Бизнес-апартаменты",
      "address": "",
      "location": "Местоположение: Минск Мир, Дом 11.4",
      "house_number": "11.4",
      "house_name": "Пацифик",
      "floor": "Этаж: 14",
      "floor_total": "Этажность дома: 15",
      "area": 72.49,
      "price_per_sqm": 1500.0,
      "total_price": 108735.0
    },
    {
      "id": "1478",
      "apartment": "Бизнес-апартаменты  № 3.30",
      "type": "Бизнес-апартаменты",
      "quarter": "Квартал — 11 Австралия и Океания",
      "status": "Статус: Строящиеся Бизнес-апартаменты",
      "address": "",
      "location": "Местоположение: Минск Мир, Дом 11.4",
      "house_number": "11.4",
      "house_name": "Пацифик",
      "floor": "Этаж: 3",
      "floor_total": "Этажность дома: 15",
      "area": 66.52,
      "price_per_sqm": 1510.0,
      "total_price": 100445.0
    },
    {
      "id": "1657",
      "apartment": "Бизнес-апартаменты №14.26",
      "type": "Бизнес-апартаменты",
      "quarter": "Квартал — 11 Австралия и Океания",
      "status": "Статус: Строящиеся Бизнес-апартаменты",
      "address": "",
      "location": "Местоположение: Минск Мир, Дом 11.3",
      "house_number": "11.3",
      "house_name": "Атлантик",
      "floor": "Этаж: 14",
      "floor_total": "Этажность дома: 15",
      "area": 86.21,
      "price_per_sqm": 1480.0,
      "total_price": 127591.0
    },
    {
      "id": "1658",
      "apartment": "Бизнес-апартаменты №14.8",
      "type": "Бизнес-апартаменты",
      "quarter": "Квартал — 11 Австралия и Океания",
      "status": "Статус: Строящиеся Бизнес-апартаменты",
      "address": "",
      "location": "Местоположение: Минск Мир, Дом 11.3",
      "house_number": "11.3",
      "house_name": "Атлантик",
      "floor": "Этаж: 14",
      "floor_total": "Этажность дома: 15",
      "area": 72.09,
      "price_per_sqm": 1500.0,
      "total_price": 108135.0
    },
    {
      "id": "1659",
      "apartment": "Бизнес-апартаменты №14.9",
      "type": "Бизнес-апартаменты",
      "quarter": "Квартал — 11 Австралия и Океания",
      "status": "Статус: Строящиеся Бизнес-апартаменты",
      "address": "",
      "location": "Местоположение: Минск Мир, Дом 11.3",
      "house_number": "11.3",
      "house_name": "Атлантик",
      "floor": "Этаж: 14",
      "floor_total": "Этажность дома: 15",
      "area": 73.58,
      "price_per_sqm": 1500.0,
      "total_price": 110370.0
    },
    {
      "id": "1686",
      "apartment": "Бизнес-апартаменты №8.8",
      "type": "Бизнес-апартаменты",
      "quarter": "Квартал — 11 Австралия и Океания",
      "status": "Статус: Строящиеся Бизнес-апартаменты",
      "address": "",
      "location": "Местоположение: Минск Мир, Дом 11.3",
      "house_number": "11.3",
      "house_name": "Атлантик",
      "floor": "Этаж: 8",
      "floor_total": "Этажность дома: 15",
      "area": 72.82,
      "price_per_sqm": 1500.0,
      "total_price": 109230.0
    },
    {
      "id": "1687",
      "apartment": "Бизнес-апартаменты №14.23",
      "type": "Бизнес-апартаменты",
      "quarter": "Квартал — 11 Австралия и Океания",
      "status": "Статус: Строящиеся Бизнес-апартаменты",
      "address": "",
      "location": "Местоположение: Минск Мир, Дом 11.3",
      "house_number": "11.3",
      "house_name": "Атлантик",
      "floor": "Этаж: 14",
      "floor_total": "Этажность дома: 15",
      "area": 62.81,
      "price_per_sqm": 1500.0,
      "total_price": 94215.0
    },
    {
      "id": "1688",
      "apartment": "Бизнес-апартаменты №8.26",
      "type": "Бизнес-апартаменты",
      "quarter": "Квартал — 11 Австралия и Океания",
      "status": "Статус: Строящиеся Бизнес-апартаменты",
      "address": "",
      "location": "Местоположение: Минск Мир, Дом 11.3",
      "house_number": "11.3",
      "house_name": "Атлантик",
      "floor": "Этаж: 8",
      "floor_total": "Этажность дома: 15",
      "area": 86.11,
      "price_per_sqm": 1480.0,
      "total_price": 127443.0
    },
    {
      "id": "1689",
      "apartment": "Бизнес-апартаменты №8.25",
      "type": "Бизнес-апартаменты",
      "quarter": "Квартал — 11 Австралия и Океания",
      "status": "Статус: Строящиеся Бизнес-апартаменты",
      "address": "",
      "location": "Местоположение: Минск Мир, Дом 11.3",
      "house_number": "11.3",
      "house_name": "Атлантик",
      "floor": "Этаж: 8",
      "floor_total": "Этажность дома: 15",
      "area": 72.89,
      "price_per_sqm": 1500.0,
      "total_price": 109335.0
    },
    {
      "id": "1690",
      "apartment": "Бизнес-апартаменты №14.21",
      "type": "Бизнес-апартаменты",
      "quarter": "Квартал — 11 Австралия и Океания",
      "status": "Статус: Строящиеся Бизнес-апартаменты",
      "address": "",
      "location": "Местоположение: Минск Мир, Дом 11.3",
      "house_number": "11.3",
      "house_name": "Атлантик",
      "floor": "Этаж: 14",
      "floor_total": "Этажность дома: 15",
      "area": 86.4,
      "price_per_sqm": 1480.0,
      "total_price": 127872.0
    },
    {
      "id": "1691",
      "apartment": "Бизнес-апартаменты №4.35",
      "type": "Бизнес-апартаменты",
      "quarter": "Квартал — 11 Австралия и Океания",
      "status": "Статус: Строящиеся Бизнес-апартаменты",
      "address": "",
      "location": "Местоположение: Минск Мир, Дом 11.3",
      "house_number": "11.3",
      "house_name": "Атлантик",
      "floor": "Этаж: 4",
      "floor_total": "Этажность дома: 15",
      "area": 68.0,
      "price_per_sqm": 1500.0,
      "total_price": 102000.0
    },
    {
      "id": "1692",
      "apartment": "Бизнес-апартаменты №4.37",
      "type": "Бизнес-апартаменты",
      "quarter": "Квартал — 11 Австралия и Океания",
      "status": "Статус: Строящиеся Бизнес-апартаменты",
      "address": "",
      "location": "Местоположение: Минск Мир, Дом 11.3",
      "house_number": "11.3",
      "house_name": "Атлантик",
      "floor": "Этаж: 4",
      "floor_total": "Этажность дома: 15",
      "area": 82.72,
      "price_per_sqm": 1490.0,
      "total_price": 123253.0
    },
    {
      "id": "1693",
      "apartment": "Бизнес-апартаменты №8.22",
      "type": "Бизнес-апартаменты",
      "quarter": "Квартал — 11 Австралия и Океания",
      "status": "Статус: Строящиеся Бизнес-апартаменты",
      "address": "",
      "location": "Местоположение: Минск Мир, Дом 11.3",
      "house_number": "11.3",
      "house_name": "Атлантик",
      "floor": "Этаж: 8",
      "floor_total": "Этажность дома: 15",
      "area": 76.63,
      "price_per_sqm": 1500.0,
      "total_price": 114945.0
    },
    {
      "id": "1694",
      "apartment": "Бизнес-апартаменты №8.21",
      "type": "Бизнес-апартаменты",
      "quarter": "Квартал — 11 Австралия и Океания",
      "status": "Статус: Строящиеся Бизнес-апартаменты",
      "address": "",
      "location": "Местоположение: Минск Мир, Дом 11.3",
      "house_number": "11.3",
      "house_name": "Атлантик",
      "floor": "Этаж: 8",
      "floor_total": "Этажность дома: 15",
      "area": 86.28,
      "price_per_sqm": 1480.0,
      "total_price": 127694.0
    },
    {
      "id": "1695",
      "apartment": "Бизнес-апартаменты №3.37",
      "type": "Бизнес-апартаменты",
      "quarter": "Квартал — 11 Австралия и Океания",
      "status": "Статус: Строящиеся Бизнес-апартаменты",
      "address": "",
      "location": "Местоположение: Минск Мир, Дом 11.3",
      "house_number": "11.3",
      "house_name": "Атлантик",
      "floor": "Этаж: 3",
      "floor_total": "Этажность дома: 15",
      "area": 82.72,
      "price_per_sqm": 1490.0,
      "total_price": 123253.0
    },
    {
      "id": "1722",
      "apartment": "Бизнес-апартаменты №3.9",
      "type": "Бизнес-апартаменты",
      "quarter": "Квартал — 11 Австралия и Океания",
      "status": "Статус: Строящиеся Бизнес-апартаменты",
      "address": "",
      "location": "Местоположение: Минск Мир, Дом 11.3",
      "house_number": "11.3",
      "house_name": "Атлантик",
      "floor": "Этаж: 3",
      "floor_total": "Этажность дома: 15",
      "area": 82.68,
      "price_per_sqm": 1490.0,
      "total_price": 123193.0
    },
    {
      "id": "1723",
      "apartment": "Бизнес-апартаменты №8.9",
      "type": "Бизнес-апартаменты",
      "quarter": "Квартал — 11 Австралия и Океания",
      "status": "Статус: Строящиеся Бизнес-апартаменты",
      "address": "",
      "location": "Местоположение: Минск Мир, Дом 11.3",
      "house_number": "11.3",
      "house_name": "Атлантик",
      "floor": "Этаж: 8",
      "floor_total": "Этажность дома: 15",
      "area": 73.84,
      "price_per_sqm": 1500.0,
      "total_price": 110760.0
    },
    {
      "id": "1724",
      "apartment": "Бизнес-апартаменты №3.11",
      "type": "Бизнес-апартаменты",
      "quarter": "Квартал — 11 Австралия и Океания",
      "status": "Статус: Строящиеся Бизнес-апартаменты",
      "address": "",
      "location": "Местоположение: Минск Мир, Дом 11.3",
      "house_number": "11.3",
      "house_name": "Атлантик",
      "floor": "Этаж: 3",
      "floor_total": "Этажность дома: 15",
      "area": 68.69,
      "price_per_sqm": 1500.0,
      "total_price": 103035.0
    },
    {
      "id": "1725",
      "apartment": "Бизнес-апартаменты №4.9",
      "type": "Бизнес-апартаменты",
      "quarter": "Квартал — 11 Австралия и Океания",
      "status": "Статус: Строящиеся Бизнес-апартаменты",
      "address": "",
      "location": "Местоположение: Минск Мир, Дом 11.3",
      "house_number": "11.3",
      "house_name": "Атлантик",
      "floor": "Этаж: 4",
      "floor_total": "Этажность дома: 15",
      "area": 82.69,
      "price_per_sqm": 1490.0,
      "total_price": 123208.0
    },
    {
      "id": "1726",
      "apartment": "Бизнес-апартаменты №8.7",
      "type": "Бизнес-апартаменты",
      "quarter": "Квартал — 11 Австралия и Океания",
      "status": "Статус: Строящиеся Бизнес-апартаменты",
      "address": "",
      "location": "Местоположение: Минск Мир, Дом 11.3",
      "house_number": "11.3",
      "house_name": "Атлантик",
      "floor": "Этаж: 8",
      "floor_total": "Этажность дома: 15",
      "area": 86.95,
      "price_per_sqm": 1480.0,
      "total_price": 128686.0
    },
    {
      "id": "1727",
      "apartment": "Бизнес-апартаменты №14.7",
      "type": "Бизнес-апартаменты",
      "quarter": "Квартал — 11 Австралия и Океания",
      "status": "Статус: Строящиеся Бизнес-апартаменты",
      "address": "",
      "location": "Местоположение: Минск Мир, Дом 11.3",
      "house_number": "11.3",
      "house_name": "Атлантик",
      "floor": "Этаж: 14",
      "floor_total": "Этажность дома: 15",
      "area": 87.08,
      "price_per_sqm": 1480.0,
      "total_price": 128878.0
    },
    {
      "id": "1728",
      "apartment": "Бизнес-апартаменты №6.9",
      "type": "Бизнес-апартаменты",
      "quarter": "Квартал — 11 Австралия и Океания",
      "status": "Статус: Строящиеся Бизнес-апартаменты",
      "address": "",
      "location": "Местоположение: Минск Мир, Дом 11.3",
      "house_number": "11.3",
      "house_name": "Атлантик",
      "floor": "Этаж: 6",
      "floor_total": "Этажность дома: 15",
      "area": 82.69,
      "price_per_sqm": 1490.0,
      "total_price": 123208.0
    },
    {
      "id": "1729",
      "apartment": "Бизнес-апартаменты №7.9",
      "type": "Бизнес-апартаменты",
      "quarter": "Квартал — 11 Австралия и Океания",
      "status": "Статус: Строящиеся Бизнес-апартаменты",
      "address": "",
      "location": "Местоположение: Минск Мир, Дом 11.3",
      "house_number": "11.3",
      "house_name": "Атлантик",
      "floor": "Этаж: 7",
      "floor_total": "Этажность дома: 15",
      "area": 82.69,
      "price_per_sqm": 1490.0,
      "total_price": 123208.0
    },
    {
      "id": "1730",
      "apartment": "Бизнес-апартаменты №5.9",
      "type": "Бизнес-апартаменты",
      "quarter": "Квартал — 11 Австралия и Океания",
      "status": "Статус: Строящиеся Бизнес-апартаменты",
      "address": "",
      "location": "Местоположение: Минск Мир, Дом 11.3",
      "house_number": "11.3",
      "house_name": "Атлантик",
      "floor": "Этаж: 5",
      "floor_total": "Этажность дома: 15",
      "area": 82.69,
      "price_per_sqm": 1490.0,
      "total_price": 123208.0
    },
    {
      "id": "1731",
      "apartment": "Бизнес-апартаменты №8.1",
      "type": "Бизнес-апартаменты",
      "quarter": "Квартал — 11 Австралия и Океания",
      "status": "Статус: Строящиеся Бизнес-апартаменты",
      "address": "",
      "location": "Местоположение: Минск Мир, Дом 11.3",
      "house_number": "11.3",
      "house_name": "Атлантик",
      "floor": "Этаж: 8",
      "floor_total": "Этажность дома: 15",
      "area": 76.88,
      "price_per_sqm": 1500.0,
      "total_price": 115320.0
    },
    {
      "id": "1755",
      "apartment": "Бизнес-апартаменты №8.10",
      "type": "Бизнес-апартаменты",
      "quarter": "Квартал — 11 Австралия и Океания",
      "status": "Статус: Строящиеся Бизнес-апартаменты",
      "address": "",
      "location": "Местоположение: Минск Мир, Дом 11.3",
      "house_number": "11.3",
      "house_name": "Атлантик",
      "floor": "Этаж: 8",
      "floor_total": "Этажность дома: 15",
      "area": 61.24,
      "price_per_sqm": 1510.0,
      "total_price": 92472.0
    },
    {
      "id": "2195",
      "apartment": "Бизнес-апартаменты № 29.8",
      "type": "Бизнес-апартаменты",
      "quarter": "Квартал — 11 Австралия и Океания",
      "status": "Статус: Строящиеся Бизнес-апартаменты",
      "address": "",
      "location": "Местоположение: Минск Мир, Дом 11.6",
      "house_number": "11.6",
      "house_name": "Карибиан",
      "floor": "Этаж: 8",
      "floor_total": "Этажность дома: 15",
      "area": 77.05,
      "price_per_sqm": 1500.0,
      "total_price": 115575.0
    },
    {
      "id": "2196",
      "apartment": "Бизнес-апартаменты № 15.14",
      "type": "Бизнес-апартаменты",
      "quarter": "Квартал — 11 Австралия и Океания",
      "status": "Статус: Строящиеся Бизнес-апартаменты",
      "address": "",
      "location": "Местоположение: Минск Мир, Дом 11.6",
      "house_number": "11.6",
      "house_name": "Карибиан",
      "floor": "Этаж: 14",
      "floor_total": "Этажность дома: 15",
      "area": 81.5,
      "price_per_sqm": 1490.0,
      "total_price": 121435.0
    },
    {
      "id": "2197",
      "apartment": "Бизнес-апартаменты № 15.8",
      "type": "Бизнес-апартаменты",
      "quarter": "Квартал — 11 Австралия и Океания",
      "status": "Статус: Строящиеся Бизнес-апартаменты",
      "address": "",
      "location": "Местоположение: Минск Мир, Дом 11.6",
      "house_number": "11.6",
      "house_name": "Карибиан",
      "floor": "Этаж: 8",
      "floor_total": "Этажность дома: 15",
      "area": 80.87,
      "price_per_sqm": 1490.0,
      "total_price": 120496.0
    },
    {
      "id": "2198",
      "apartment": "Бизнес-апартаменты № 27.8",
      "type": "Бизнес-апартаменты",
      "quarter": "Квартал — 11 Австралия и Океания",
      "status": "Статус: Строящиеся Бизнес-апартаменты",
      "address": "",
      "location": "Местоположение: Минск Мир, Дом 11.6",
      "house_number": "11.6",
      "house_name": "Карибиан",
      "floor": "Этаж: 8",
      "floor_total": "Этажность дома: 15",
      "area": 85.73,
      "price_per_sqm": 1490.0,
      "total_price": 127738.0
    },
    {
      "id": "2199",
      "apartment": "Бизнес-апартаменты № 15.3",
      "type": "Бизнес-апартаменты",
      "quarter": "Квартал — 11 Австралия и Океания",
      "status": "Статус: Строящиеся Бизнес-апартаменты",
      "address": "",
      "location": "Местоположение: Минск Мир, Дом 11.6",
      "house_number": "11.6",
      "house_name": "Карибиан",
      "floor": "Этаж: 3",
      "floor_total": "Этажность дома: 15",
      "area": 79.05,
      "price_per_sqm": 1490.0,
      "total_price": 117785.0
    },
    {
      "id": "2226",
      "apartment": "Бизнес-апартаменты № 15.6",
      "type": "Бизнес-апартаменты",
      "quarter": "Квартал — 11 Австралия и Океания",
      "status": "Статус: Строящиеся Бизнес-апартаменты",
      "address": "",
      "location": "Местоположение: Минск Мир, Дом 11.6",
      "house_number": "11.6",
      "house_name": "Карибиан",
      "floor": "Этаж: 6",
      "floor_total": "Этажность дома: 15",
      "area": 80.19,
      "price_per_sqm": 1490.0,
      "total_price": 119483.0
    },
    {
      "id": "2227",
      "apartment": "Бизнес-апартаменты № 28.8",
      "type": "Бизнес-апартаменты",
      "quarter": "Квартал — 11 Австралия и Океания",
      "status": "Статус: Строящиеся Бизнес-апартаменты",
      "address": "",
      "location": "Местоположение: Минск Мир, Дом 11.6",
      "house_number": "11.6",
      "house_name": "Карибиан",
      "floor": "Этаж: 8",
      "floor_total": "Этажность дома: 15",
      "area": 77.16,
      "price_per_sqm": 1500.0,
      "total_price": 115740.0
    },
    {
      "id": "2228",
      "apartment": "Бизнес-апартаменты № 33.14",
      "type": "Бизнес-апартаменты",
      "quarter": "Квартал — 11 Австралия и Океания",
      "status": "Статус: Строящиеся Бизнес-апартаменты",
      "address": "",
      "location": "Местоположение: Минск Мир, Дом 11.6",
      "house_number": "11.6",
      "house_name": "Карибиан",
      "floor": "Этаж: 14",
      "floor_total": "Этажность дома: 15",
      "area": 81.69,
      "price_per_sqm": 1490.0,
      "total_price": 121718.0
    },
    {
      "id": "7486",
      "apartment": "Бизнес-апартаменты № 14.23",
      "type": "Бизнес-апартаменты",
      "quarter": "Квартал — 11 Австралия и Океания",
      "status": "Статус: Строящиеся Бизнес-апартаменты",
      "address": "",
      "location": "Местоположение: Минск Мир, Дом 11.5",
      "house_number": "11.5",
      "house_name": "Адриатик",
      "floor": "Этаж: 14",
      "floor_total": "Этажность дома: 15",
      "area": 77.34,
      "price_per_sqm": 1500.0,
      "total_price": 116010.0
    },
    {
      "id": "7487",
      "apartment": "Бизнес-апартаменты № 14.38",
      "type": "Бизнес-апартаменты",
      "quarter": "Квартал — 11 Австралия и Океания",
      "status": "Статус: Строящиеся Бизнес-апартаменты",
      "address": "",
      "location": "Местоположение: Минск Мир, Дом 11.5",
      "house_number": "11.5",
      "house_name": "Адриатик",
      "floor": "Этаж: 14",
      "floor_total": "Этажность дома: 15",
      "area": 77.99,
      "price_per_sqm": 1500.0,
      "total_price": 116985.0
    },
    {
      "id": "7488",
      "apartment": "Бизнес-апартаменты №6.15",
      "type": "Бизнес-апартаменты",
      "quarter": "Квартал — 11 Австралия и Океания",
      "status": "Статус: Строящиеся Бизнес-апартаменты",
      "address": "",
      "location": "Местоположение: Минск Мир, Дом 11.5",
      "house_number": "11.5",
      "house_name": "Адриатик",
      "floor": "Этаж: 6",
      "floor_total": "Этажность дома: 15",
      "area": 84.65,
      "price_per_sqm": 1490.0,
      "total_price": 126129.0
    },
    {
      "id": "7489",
      "apartment": "Бизнес-апартаменты № 14.51",
      "type": "Бизнес-апартаменты",
      "quarter": "Квартал — 11 Австралия и Океания",
      "status": "Статус: Строящиеся Бизнес-апартаменты",
      "address": "",
      "location": "Местоположение: Минск Мир, Дом 11.5",
      "house_number": "11.5",
      "house_name": "Адриатик",
      "floor": "Этаж: 14",
      "floor_total": "Этажность дома: 15",
      "area": 88.01,
      "price_per_sqm": 1480.0,
      "total_price": 130255.0
    },
    {
      "id": "7490",
      "apartment": "Бизнес-апартаменты №3.15",
      "type": "Бизнес-апартаменты",
      "quarter": "Квартал — 11 Австралия и Океания",
      "status": "Статус: Строящиеся Бизнес-апартаменты",
      "address": "",
      "location": "Местоположение: Минск Мир, Дом 11.5",
      "house_number": "11.5",
      "house_name": "Адриатик",
      "floor": "Этаж: 3",
      "floor_total": "Этажность дома: 15",
      "area": 84.65,
      "price_per_sqm": 1490.0,
      "total_price": 126129.0
    },
    {
      "id": "7491",
      "apartment": "Бизнес-апартаменты №4.15",
      "type": "Бизнес-апартаменты",
      "quarter": "Квартал — 11 Австралия и Океания",
      "status": "Статус: Строящиеся Бизнес-апартаменты",
      "address": "",
      "location": "Местоположение: Минск Мир, Дом 11.5",
      "house_number": "11.5",
      "house_name": "Адриатик",
      "floor": "Этаж: 4",
      "floor_total": "Этажность дома: 15",
      "area": 84.65,
      "price_per_sqm": 1490.0,
      "total_price": 126129.0
    },
    {
      "id": "7492",
      "apartment": "Бизнес-апартаменты №4.43",
      "type": "Бизнес-апартаменты",
      "quarter": "Квартал — 11 Австралия и Океания",
      "status": "Статус: Строящиеся Бизнес-апартаменты",
      "address": "",
      "location": "Местоположение: Минск Мир, Дом 11.5",
      "house_number": "11.5",
      "house_name": "Адриатик",
      "floor": "Этаж: 4",
      "floor_total": "Этажность дома: 15",
      "area": 73.96,
      "price_per_sqm": 1500.0,
      "total_price": 110940.0
    },
    {
      "id": "7493",
      "apartment": "Бизнес-апартаменты № 8.14",
      "type": "Бизнес-апартаменты",
      "quarter": "Квартал — 11 Австралия и Океания",
      "status": "Статус: Строящиеся Бизнес-апартаменты",
      "address": "",
      "location": "Местоположение: Минск Мир, Дом 11.5",
      "house_number": "11.5",
      "house_name": "Адриатик",
      "floor": "Этаж: 8",
      "floor_total": "Этажность дома: 15",
      "area": 86.95,
      "price_per_sqm": 1480.0,
      "total_price": 128686.0
    },
    {
      "id": "7494",
      "apartment": "Бизнес-апартаменты № 8.15",
      "type": "Бизнес-апартаменты",
      "quarter": "Квартал — 11 Австралия и Океания",
      "status": "Статус: Строящиеся Бизнес-апартаменты",
      "address": "",
      "location": "Местоположение: Минск Мир, Дом 11.5",
      "house_number": "11.5",
      "house_name": "Адриатик",
      "floor": "Этаж: 8",
      "floor_total": "Этажность дома: 15",
      "area": 78.34,
      "price_per_sqm": 1500.0,
      "total_price": 117510.0
    },
    {
      "id": "7495",
      "apartment": "Бизнес-апартаменты №5.15",
      "type": "Бизнес-апартаменты",
      "quarter": "Квартал — 11 Австралия и Океания",
      "status": "Статус: Строящиеся Бизнес-апартаменты",
      "address": "",
      "location": "Местоположение: Минск Мир, Дом 11.5",
      "house_number": "11.5",
      "house_name": "Адриатик",
      "floor": "Этаж: 5",
      "floor_total": "Этажность дома: 15",
      "area": 84.65,
      "price_per_sqm": 1490.0,
      "total_price": 126129.0
    },
    {
      "id": "7496",
      "apartment": "Бизнес-апартаменты №3.62",
      "type": "Бизнес-апартаменты",
      "quarter": "Квартал — 11 Австралия и Океания",
      "status": "Статус: Строящиеся Бизнес-апартаменты",
      "address": "",
      "location": "Местоположение: Минск Мир, Дом 11.5",
      "house_number": "11.5",
      "house_name": "Адриатик",
      "floor": "Этаж: 3",
      "floor_total": "Этажность дома: 15",
      "area": 85.75,
      "price_per_sqm": 1490.0,
      "total_price": 127768.0
    },
    {
      "id": "7497",
      "apartment": "Бизнес-апартаменты №3.12",
      "type": "Бизнес-апартаменты",
      "quarter": "Квартал — 11 Австралия и Океания",
      "status": "Статус: Строящиеся Бизнес-апартаменты",
      "address": "",
      "location": "Местоположение: Минск Мир, Дом 11.5",
      "house_number": "11.5",
      "house_name": "Адриатик",
      "floor": "Этаж: 3",
      "floor_total": "Этажность дома: 15",
      "area": 68.64,
      "price_per_sqm": 1500.0,
      "total_price": 102960.0
    },
    {
      "id": "7498",
      "apartment": "Бизнес-апартаменты №4.36",
      "type": "Бизнес-апартаменты",
      "quarter": "Квартал — 11 Австралия и Океания",
      "status": "Статус: Строящиеся Бизнес-апартаменты",
      "address": "",
      "location": "Местоположение: Минск Мир, Дом 11.5",
      "house_number": "11.5",
      "house_name": "Адриатик",
      "floor": "Этаж: 4",
      "floor_total": "Этажность дома: 15",
      "area": 85.16,
      "price_per_sqm": 1490.0,
      "total_price": 126888.0
    },
    {
      "id": "7499",
      "apartment": "Бизнес-апартаменты № 14.15",
      "type": "Бизнес-апартаменты",
      "quarter": "Квартал — 11 Австралия и Океания",
      "status": "Статус: Строящиеся Бизнес-апартаменты",
      "address": "",
      "location": "Местоположение: Минск Мир, Дом 11.5",
      "house_number": "11.5",
      "house_name": "Адриатик",
      "floor": "Этаж: 14",
      "floor_total": "Этажность дома: 15",
      "area": 77.58,
      "price_per_sqm": 1500.0,
      "total_price": 116370.0
    },
    {
      "id": "7500",
      "apartment": "Бизнес-апартаменты № 8.38",
      "type": "Бизнес-апартаменты",
      "quarter": "Квартал — 11 Австралия и Океания",
      "status": "Статус: Строящиеся Бизнес-апартаменты",
      "address": "",
      "location": "Местоположение: Минск Мир, Дом 11.5",
      "house_number": "11.5",
      "house_name": "Адриатик",
      "floor": "Этаж: 8",
      "floor_total": "Этажность дома: 15",
      "area": 77.89,
      "price_per_sqm": 1500.0,
      "total_price": 116835.0
    },
    {
      "id": "7501",
      "apartment": "Бизнес-апартаменты № 8.36",
      "type": "Бизнес-апартаменты",
      "quarter": "Квартал — 11 Австралия и Океания",
      "status": "Статус: Строящиеся Бизнес-апартаменты",
      "address": "",
      "location": "Местоположение: Минск Мир, Дом 11.5",
      "house_number": "11.5",
      "house_name": "Адриатик",
      "floor": "Этаж: 8",
      "floor_total": "Этажность дома: 15",
      "area": 76.97,
      "price_per_sqm": 1500.0,
      "total_price": 115455.0
    },
    {
      "id": "7502",
      "apartment": "Бизнес-апартаменты № 14.25",
      "type": "Бизнес-апартаменты",
      "quarter": "Квартал — 11 Австралия и Океания",
      "status": "Статус: Строящиеся Бизнес-апартаменты",
      "address": "",
      "location": "Местоположение: Минск Мир, Дом 11.5",
      "house_number": "11.5",
      "house_name": "Адриатик",
      "floor": "Этаж: 14",
      "floor_total": "Этажность дома: 15",
      "area": 86.32,
      "price_per_sqm": 1480.0,
      "total_price": 127754.0
    },
    {
      "id": "7503",
      "apartment": "Бизнес-апартаменты №5.43",
      "type": "Бизнес-апартаменты",
      "quarter": "Квартал — 11 Австралия и Океания",
      "status": "Статус: Строящиеся Бизнес-апартаменты",
      "address": "",
      "location": "Местоположение: Минск Мир, Дом 11.5",
      "house_number": "11.5",
      "house_name": "Адриатик",
      "floor": "Этаж: 5",
      "floor_total": "Этажность дома: 15",
      "area": 73.96,
      "price_per_sqm": 1500.0,
      "total_price": 110940.0
    },
    {
      "id": "7504",
      "apartment": "Бизнес-апартаменты № 8.25",
      "type": "Бизнес-апартаменты",
      "quarter": "Квартал — 11 Австралия и Океания",
      "status": "Статус: Строящиеся Бизнес-апартаменты",
      "address": "",
      "location": "Местоположение: Минск Мир, Дом 11.5",
      "house_number": "11.5",
      "house_name": "Адриатик",
      "floor": "Этаж: 8",
      "floor_total": "Этажность дома: 15",
      "area": 86.43,
      "price_per_sqm": 1480.0,
      "total_price": 127916.0
    },
    {
      "id": "7505",
      "apartment": "Бизнес-апартаменты № 15.44",
      "type": "Бизнес-апартаменты",
      "quarter": "Квартал — 11 Австралия и Океания",
      "status": "Статус: Строящиеся Бизнес-апартаменты",
      "address": "",
      "location": "Местоположение: Минск Мир, Дом 11.5",
      "house_number": "11.5",
      "house_name": "Адриатик",
      "floor": "Этаж: 15",
      "floor_total": "Этажность дома: 15",
      "area": 78.0,
      "price_per_sqm": 1490.0,
      "total_price": 116220.0
    },
    {
      "id": "7506",
      "apartment": "Бизнес-апартаменты № 8.23",
      "type": "Бизнес-апартаменты",
      "quarter": "Квартал — 11 Австралия и Океания",
      "status": "Статус: Строящиеся Бизнес-апартаменты",
      "address": "",
      "location": "Местоположение: Минск Мир, Дом 11.5",
      "house_number": "11.5",
      "house_name": "Адриатик",
      "floor": "Этаж: 8",
      "floor_total": "Этажность дома: 15",
      "area": 78.06,
      "price_per_sqm": 1500.0,
      "total_price": 117090.0
    },
    {
      "id": "7507",
      "apartment": "Бизнес-апартаменты № 14.14",
      "type": "Бизнес-апартаменты",
      "quarter": "Квартал — 11 Австралия и Океания",
      "status": "Статус: Строящиеся Бизнес-апартаменты",
      "address": "",
      "location": "Местоположение: Минск Мир, Дом 11.5",
      "house_number": "11.5",
      "house_name": "Адриатик",
      "floor": "Этаж: 14",
      "floor_total": "Этажность дома: 15",
      "area": 86.68,
      "price_per_sqm": 1480.0,
      "total_price": 128286.0
    },
    {
      "id": "7508",
      "apartment": "Бизнес-апартаменты № 8.51",
      "type": "Бизнес-апартаменты",
      "quarter": "Квартал — 11 Австралия и Океания",
      "status": "Статус: Строящиеся Бизнес-апартаменты",
      "address": "",
      "location": "Местоположение: Минск Мир, Дом 11.5",
      "house_number": "11.5",
      "house_name": "Адриатик",
      "floor": "Этаж: 8",
      "floor_total": "Этажность дома: 15",
      "area": 88.21,
      "price_per_sqm": 1480.0,
      "total_price": 130551.0
    }
  ],
  "statistics": {
    "min_price": 92472.0,
    "max_price": 135390.0,
    "avg_price": 120126.87378640777,
    "min_area": 61.24,
    "max_area": 91.48,
    "available_count": 103
  }
}