{
  "version": "1.0",
  "quarter": "12-Западная-Европа",
  "updated_at": "2025-09-22T17:42:35.883448",
  "total_apartments": 48,
  "apartments": [
    {
      "id": "51",
      "apartment": "Квартира №4",
      "type": "Квартира",
      "quarter": "Квартал — 12 Западная Европа",
      "status": "Статус: Сдано",
      "address": "улица Игоря Лученка, дом 32",
      "location": "Местоположение: Минск Мир, Дом 12.5",
      "house_number": "12.5",
      "house_name": "Берлин",
      "floor": "Этаж: 1",
      "floor_total": "Этажность дома: 25",
      "area": 64.2,
      "price_per_sqm": 1690.0,
      "total_price": 116610.0
    },
    {
      "id": "52",
      "apartment": "Квартира №5",
      "type": "Квартира",
      "quarter": "Квартал — 12 Западная Европа",
      "status": "Статус: Сдано",
      "address": "улица Игоря Лученка, дом 32",
      "location": "Местоположение: Минск Мир, Дом 12.5",
      "house_number": "12.5",
      "house_name": "Берлин",
      "floor": "Этаж: 1",
      "floor_total": "Этажность дома: 25",
      "area": 57.1,
      "price_per_sqm": 1640.0,
      "total_price": 101844.0
    },
    {
      "id": "452",
      "apartment": "Квартира №132",
      "type": "Квартира",
      "quarter": "Квартал — 12 Западная Европа",
      "status": "Статус: Сдано",
      "address": "улица Леонида Щемелёва, дом 18",
      "location": "Местоположение: Минск Мир, Дом 12.4",
      "house_number": "12.4",
      "house_name": "Амстердам",
      "floor": "Этаж: 12",
      "floor_total": "Этажность дома: 25",
      "area": 69.0,
      "price_per_sqm": 1440.0,
      "total_price": 105264.0
    },
    {
      "id": "453",
      "apartment": "Квартира №41",
      "type": "Квартира",
      "quarter": "Квартал — 12 Западная Европа",
      "status": "Статус: Сдано",
      "address": "улица Леонида Щемелёва, дом 18",
      "location": "Местоположение: Минск Мир, Дом 12.4",
      "house_number": "12.4",
      "house_name": "Амстердам",
      "floor": "Этаж: 5",
      "floor_total": "Этажность дома: 25",
      "area": 69.5,
      "price_per_sqm": 1440.0,
      "total_price": 106128.0
    },
    {
      "id": "454",
      "apartment": "Квартира №5",
      "type": "Квартира",
      "quarter": "Квартал — 12 Западная Европа",
      "status": "Статус: Сдано",
      "address": "улица Леонида Щемелёва, дом 18",
      "location": "Местоположение: Минск Мир, Дом 12.4",
      "house_number": "12.4",
      "house_name": "Амстердам",
      "floor": "Этаж: 2",
      "floor_total": "Этажность дома: 25",
      "area": 72.5,
      "price_per_sqm": 1440.0,
      "total_price": 108720.0
    },
    {
      "id": "455",
      "apartment": "Квартира №288",
      "type": "Квартира",
      "quarter": "Квартал — 12 Западная Европа",
      "status": "Статус: Сдано",
      "address": "улица Леонида Щемелёва, дом 18",
      "location": "Местоположение: Минск Мир, Дом 12.4",
      "house_number": "12.4",
      "house_name": "Амстердам",
      "floor": "Этаж: 24",
      "floor_total": "Этажность дома: 25",
      "area": 69.3,
      "price_per_sqm": 1440.0,
      "total_price": 105696.0
    },
    {
      "id": "456",
      "apartment": "Квартира №106",
      "type": "Квартира",
      "quarter": "Квартал — 12 Западная Европа",
      "status": "Статус: Сдано",
      "address": "улица Леонида Щемелёва, дом 18",
      "location": "Местоположение: Минск Мир, Дом 12.4",
      "house_number": "12.4",
      "house_name": "Амстердам",
      "floor": "Этаж: 10",
      "floor_total": "Этажность дома: 25",
      "area": 69.3,
      "price_per_sqm": 1440.0,
      "total_price": 105840.0
    },
    {
      "id": "457",
      "apartment": "Квартира №54",
      "type": "Квартира",
      "quarter": "Квартал — 12 Западная Европа",
      "status": "Статус: Сдано",
      "address": "улица Леонида Щемелёва, дом 18",
      "location": "Местоположение: Минск Мир, Дом 12.4",
      "house_number": "12.4",
      "house_name": "Амстердам",
      "floor": "Этаж: 6",
      "floor_total": "Этажность дома: 25",
      "area": 69.2,
      "price_per_sqm": 1440.0,
      "total_price": 105552.0
    },
    {
      "id": "484",
      "apartment": "Квартира №28",
      "type": "Квартира",
      "quarter": "Квартал — 12 Западная Европа",
      "status": "Статус: Сдано",
      "address": "улица Леонида Щемелёва, дом 18",
      "location": "Местоположение: Минск Мир, Дом 12.4",
      "house_number": "12.4",
      "house_name": "Амстердам",
      "floor": "Этаж: 4",
      "floor_total": "Этажность дома: 25",
      "area": 69.5,
      "price_per_sqm": 1440.0,
      "total_price": 105840.0
    },
    {
      "id": "485",
      "apartment": "Квартира №184",
      "type": "Квартира",
      "quarter": "Квартал — 12 Западная Европа",
      "status": "Статус: Сдано",
      "address": "улица Леонида Щемелёва, дом 18",
      "location": "Местоположение: Минск Мир, Дом 12.4",
      "house_number": "12.4",
      "house_name": "Амстердам",
      "floor": "Этаж: 16",
      "floor_total": "Этажность дома: 25",
      "area": 68.8,
      "price_per_sqm": 1440.0,
      "total_price": 104832.0
    },
    {
      "id": "486",
      "apartment": "Квартира №171",
      "type": "Квартира",
      "quarter": "Квартал — 12 Западная Европа",
      "status": "Статус: Сдано",
      "address": "улица Леонида Щемелёва, дом 18",
      "location": "Местоположение: Минск Мир, Дом 12.4",
      "house_number": "12.4",
      "house_name": "Амстердам",
      "floor": "Этаж: 15",
      "floor_total": "Этажность дома: 25",
      "area": 69.1,
      "price_per_sqm": 1440.0,
      "total_price": 105552.0
    },
    {
      "id": "487",
      "apartment": "Квартира №197",
      "type": "Квартира",
      "quarter": "Квартал — 12 Западная Европа",
      "status": "Статус: Сдано",
      "address": "улица Леонида Щемелёва, дом 18",
      "location": "Местоположение: Минск Мир, Дом 12.4",
      "house_number": "12.4",
      "house_name": "Амстердам",
      "floor": "Этаж: 17",
      "floor_total": "Этажность дома: 25",
      "area": 69.4,
      "price_per_sqm": 1440.0,
      "total_price": 105696.0
    },
    {
      "id": "488",
      "apartment": "Квартира №4",
      "type": "Квартира",
      "quarter": "Квартал — 12 Западная Европа",
      "status": "Статус: Сдано",
      "address": "улица Леонида Щемелёва, дом 18",
      "location": "Местоположение: Минск Мир, Дом 12.4",
      "house_number": "12.4",
      "house_name": "Амстердам",
      "floor": "Этаж: 2",
      "floor_total": "Этажность дома: 25",
      "area": 70.0,
      "price_per_sqm": 1440.0,
      "total_price": 106848.0
    },
    {
      "id": "489",
      "apartment": "Квартира №67",
      "type": "Квартира",
      "quarter": "Квартал — 12 Западная Европа",
      "status": "Статус: Сдано",
      "address": "улица Леонида Щемелёва, дом 18",
      "location": "Местоположение: Минск Мир, Дом 12.4",
      "house_number": "12.4",
      "house_name": "Амстердам",
      "floor": "Этаж: 7",
      "floor_total": "Этажность дома: 25",
      "area": 69.7,
      "price_per_sqm": 1440.0,
      "total_price": 106416.0
    },
    {
      "id": "490",
      "apartment": "Квартира №145",
      "type": "Квартира",
      "quarter": "Квартал — 12 Западная Европа",
      "status": "Статус: Сдано",
      "address": "улица Леонида Щемелёва, дом 18",
      "location": "Местоположение: Минск Мир, Дом 12.4",
      "house_number": "12.4",
      "house_name": "Амстердам",
      "floor": "Этаж: 13",
      "floor_total": "Этажность дома: 25",
      "area": 69.0,
      "price_per_sqm": 1440.0,
      "total_price": 105264.0
    },
    {
      "id": "491",
      "apartment": "Квартира №14",
      "type": "Квартира",
      "quarter": "Квартал — 12 Западная Европа",
      "status": "Статус: Сдано",
      "address": "улица Леонида Щемелёва, дом 18",
      "location": "Местоположение: Минск Мир, Дом 12.4",
      "house_number": "12.4",
      "house_name": "Амстердам",
      "floor": "Этаж: 3",
      "floor_total": "Этажность дома: 25",
      "area": 54.6,
      "price_per_sqm": 1510.0,
      "total_price": 85164.0
    },
    {
      "id": "492",
      "apartment": "Квартира №6",
      "type": "Квартира",
      "quarter": "Квартал — 12 Западная Европа",
      "status": "Статус: Сдано",
      "address": "улица Леонида Щемелёва, дом 18",
      "location": "Местоположение: Минск Мир, Дом 12.4",
      "house_number": "12.4",
      "house_name": "Амстердам",
      "floor": "Этаж: 2",
      "floor_total": "Этажность дома: 25",
      "area": 72.5,
      "price_per_sqm": 1440.0,
      "total_price": 108576.0
    },
    {
      "id": "519",
      "apartment": "Квартира №93",
      "type": "Квартира",
      "quarter": "Квартал — 12 Западная Европа",
      "status": "Статус: Сдано",
      "address": "улица Леонида Щемелёва, дом 18",
      "location": "Местоположение: Минск Мир, Дом 12.4",
      "house_number": "12.4",
      "house_name": "Амстердам",
      "floor": "Этаж: 9",
      "floor_total": "Этажность дома: 25",
      "area": 69.5,
      "price_per_sqm": 1440.0,
      "total_price": 105984.0
    },
    {
      "id": "520",
      "apartment": "Квартира №80",
      "type": "Квартира",
      "quarter": "Квартал — 12 Западная Европа",
      "status": "Статус: Сдано",
      "address": "улица Леонида Щемелёва, дом 18",
      "location": "Местоположение: Минск Мир, Дом 12.4",
      "house_number": "12.4",
      "house_name": "Амстердам",
      "floor": "Этаж: 8",
      "floor_total": "Этажность дома: 25",
      "area": 69.8,
      "price_per_sqm": 1440.0,
      "total_price": 106704.0
    },
    {
      "id": "521",
      "apartment": "Квартира №249",
      "type": "Квартира",
      "quarter": "Квартал — 12 Западная Европа",
      "status": "Статус: Сдано",
      "address": "улица Леонида Щемелёва, дом 18",
      "location": "Местоположение: Минск Мир, Дом 12.4",
      "house_number": "12.4",
      "house_name": "Амстердам",
      "floor": "Этаж: 21",
      "floor_total": "Этажность дома: 25",
      "area": 69.1,
      "price_per_sqm": 1440.0,
      "total_price": 105120.0
    },
    {
      "id": "522",
      "apartment": "Квартира №262",
      "type": "Квартира",
      "quarter": "Квартал — 12 Западная Европа",
      "status": "Статус: Сдано",
      "address": "улица Леонида Щемелёва, дом 18",
      "location": "Местоположение: Минск Мир, Дом 12.4",
      "house_number": "12.4",
      "house_name": "Амстердам",
      "floor": "Этаж: 22",
      "floor_total": "Этажность дома: 25",
      "area": 69.2,
      "price_per_sqm": 1440.0,
      "total_price": 105552.0
    },
    {
      "id": "523",
      "apartment": "Квартира №210",
      "type": "Квартира",
      "quarter": "Квартал — 12 Западная Европа",
      "status": "Статус: Сдано",
      "address": "улица Леонида Щемелёва, дом 18",
      "location": "Местоположение: Минск Мир, Дом 12.4",
      "house_number": "12.4",
      "house_name": "Амстердам",
      "floor": "Этаж: 18",
      "floor_total": "Этажность дома: 25",
      "area": 68.8,
      "price_per_sqm": 1440.0,
      "total_price": 104976.0
    },
    {
      "id": "524",
      "apartment": "Квартира №15",
      "type": "Квартира",
      "quarter": "Квартал — 12 Западная Европа",
      "status": "Статус: Сдано",
      "address": "улица Леонида Щемелёва, дом 18",
      "location": "Местоположение: Минск Мир, Дом 12.4",
      "house_number": "12.4",
      "house_name": "Амстердам",
      "floor": "Этаж: 3",
      "floor_total": "Этажность дома: 25",
      "area": 69.2,
      "price_per_sqm": 1440.0,
      "total_price": 105696.0
    },
    {
      "id": "1160",
      "apartment": "Квартира №4",
      "type": "Квартира",
      "quarter": "Квартал — 12 Западная Европа",
      "status": "Статус: Сдано",
      "address": "улица Жореса Алфёрова, дом 9",
      "location": "Местоположение: Минск Мир, Дом 12.12",
      "house_number": "12.12",
      "house_name": "Лиссабон",
      "floor": "Этаж: 2",
      "floor_total": "Этажность дома: 25",
      "area": 70.0,
      "price_per_sqm": 1440.0,
      "total_price": 106848.0
    },
    {
      "id": "1161",
      "apartment": "Квартира №43",
      "type": "Квартира",
      "quarter": "Квартал — 12 Западная Европа",
      "status": "Статус: Сдано",
      "address": "улица Жореса Алфёрова, дом 9",
      "location": "Местоположение: Минск Мир, Дом 12.12",
      "house_number": "12.12",
      "house_name": "Лиссабон",
      "floor": "Этаж: 5",
      "floor_total": "Этажность дома: 25",
      "area": 69.8,
      "price_per_sqm": 1440.0,
      "total_price": 106416.0
    },
    {
      "id": "1162",
      "apartment": "Квартира №56",
      "type": "Квартира",
      "quarter": "Квартал — 12 Западная Европа",
      "status": "Статус: Сдано",
      "address": "улица Жореса Алфёрова, дом 9",
      "location": "Местоположение: Минск Мир, Дом 12.12",
      "house_number": "12.12",
      "house_name": "Лиссабон",
      "floor": "Этаж: 6",
      "floor_total": "Этажность дома: 25",
      "area": 70.4,
      "price_per_sqm": 1440.0,
      "total_price": 107136.0
    },
    {
      "id": "1163",
      "apartment": "Квартира №17",
      "type": "Квартира",
      "quarter": "Квартал — 12 Западная Европа",
      "status": "Статус: Сдано",
      "address": "улица Жореса Алфёрова, дом 9",
      "location": "Местоположение: Минск Мир, Дом 12.12",
      "house_number": "12.12",
      "house_name": "Лиссабон",
      "floor": "Этаж: 3",
      "floor_total": "Этажность дома: 25",
      "area": 69.8,
      "price_per_sqm": 1440.0,
      "total_price": 106416.0
    },
    {
      "id": "1164",
      "apartment": "Квартира №30",
      "type": "Квартира",
      "quarter": "Квартал — 12 Западная Европа",
      "status": "Статус: Сдано",
      "address": "улица Жореса Алфёрова, дом 9",
      "location": "Местоположение: Минск Мир, Дом 12.12",
      "house_number": "12.12",
      "house_name": "Лиссабон",
      "floor": "Этаж: 4",
      "floor_total": "Этажность дома: 25",
      "area": 68.7,
      "price_per_sqm": 1440.0,
      "total_price": 105408.0
    },
    {
      "id": "1251",
      "apartment": "Квартира №4",
      "type": "Квартира",
      "quarter": "Квартал — 12 Западная Европа",
      "status": "Статус: Сдано",
      "address": "улица Жореса Алфёрова, дом 7",
      "location": "Местоположение: Минск Мир, Дом 12.11",
      "house_number": "12.11",
      "house_name": "Манчестер",
      "floor": "Этаж: 2",
      "floor_total": "Этажность дома: 25",
      "area": 69.8,
      "price_per_sqm": 1440.0,
      "total_price": 106848.0
    },
    {
      "id": "1548",
      "apartment": "Квартира №4",
      "type": "Квартира",
      "quarter": "Квартал — 12 Западная Европа",
      "status": "Статус: Сдано",
      "address": "улица Жореса Алфёрова, дом 13",
      "location": "Местоположение: Минск Мир, Дом 12.14",
      "house_number": "12.14",
      "house_name": "Женева",
      "floor": "Этаж: 2",
      "floor_total": "Этажность дома: 25",
      "area": 70.1,
      "price_per_sqm": 1440.0,
      "total_price": 106992.0
    },
    {
      "id": "1549",
      "apartment": "Квартира №5",
      "type": "Квартира",
      "quarter": "Квартал — 12 Западная Европа",
      "status": "Статус: Сдано",
      "address": "улица Жореса Алфёрова, дом 13",
      "location": "Местоположение: Минск Мир, Дом 12.14",
      "house_number": "12.14",
      "house_name": "Женева",
      "floor": "Этаж: 2",
      "floor_total": "Этажность дома: 25",
      "area": 72.5,
      "price_per_sqm": 1440.0,
      "total_price": 108864.0
    },
    {
      "id": "1550",
      "apartment": "Квартира №6",
      "type": "Квартира",
      "quarter": "Квартал — 12 Западная Европа",
      "status": "Статус: Сдано",
      "address": "улица Жореса Алфёрова, дом 13",
      "location": "Местоположение: Минск Мир, Дом 12.14",
      "house_number": "12.14",
      "house_name": "Женева",
      "floor": "Этаж: 2",
      "floor_total": "Этажность дома: 25",
      "area": 72.4,
      "price_per_sqm": 1440.0,
      "total_price": 108720.0
    },
    {
      "id": "1609",
      "apartment": "Квартира №5",
      "type": "Квартира",
      "quarter": "Квартал — 12 Западная Европа",
      "status": "Статус: Сдано",
      "address": "улица Леонида Щемелёва, дом 26",
      "location": "Местоположение: Минск Мир, Дом 12.3",
      "house_number": "12.3",
      "house_name": "Мадрид",
      "floor": "Этаж: 2",
      "floor_total": "Этажность дома: 25",
      "area": 72.5,
      "price_per_sqm": 1350.0,
      "total_price": 101925.0
    },
    {
      "id": "1610",
      "apartment": "Квартира №93",
      "type": "Квартира",
      "quarter": "Квартал — 12 Западная Европа",
      "status": "Статус: Сдано",
      "address": "улица Леонида Щемелёва, дом 26",
      "location": "Местоположение: Минск Мир, Дом 12.3",
      "house_number": "12.3",
      "house_name": "Мадрид",
      "floor": "Этаж: 9",
      "floor_total": "Этажность дома: 25",
      "area": 69.4,
      "price_per_sqm": 1350.0,
      "total_price": 99090.0
    },
    {
      "id": "1611",
      "apartment": "Квартира №4",
      "type": "Квартира",
      "quarter": "Квартал — 12 Западная Европа",
      "status": "Статус: Сдано",
      "address": "улица Леонида Щемелёва, дом 26",
      "location": "Местоположение: Минск Мир, Дом 12.3",
      "house_number": "12.3",
      "house_name": "Мадрид",
      "floor": "Этаж: 2",
      "floor_total": "Этажность дома: 25",
      "area": 69.4,
      "price_per_sqm": 1350.0,
      "total_price": 99225.0
    },
    {
      "id": "1612",
      "apartment": "Квартира №6",
      "type": "Квартира",
      "quarter": "Квартал — 12 Западная Европа",
      "status": "Статус: Сдано",
      "address": "улица Леонида Щемелёва, дом 26",
      "location": "Местоположение: Минск Мир, Дом 12.3",
      "house_number": "12.3",
      "house_name": "Мадрид",
      "floor": "Этаж: 2",
      "floor_total": "Этажность дома: 25",
      "area": 71.3,
      "price_per_sqm": 1350.0,
      "total_price": 100170.0
    },
    {
      "id": "1613",
      "apartment": "Квартира №132",
      "type": "Квартира",
      "quarter": "Квартал — 12 Западная Европа",
      "status": "Статус: Сдано",
      "address": "улица Леонида Щемелёва, дом 26",
      "location": "Местоположение: Минск Мир, Дом 12.3",
      "house_number": "12.3",
      "house_name": "Мадрид",
      "floor": "Этаж: 12",
      "floor_total": "Этажность дома: 25",
      "area": 69.5,
      "price_per_sqm": 1350.0,
      "total_price": 99360.0
    },
    {
      "id": "1614",
      "apartment": "Квартира №80",
      "type": "Квартира",
      "quarter": "Квартал — 12 Западная Европа",
      "status": "Статус: Сдано",
      "address": "улица Леонида Щемелёва, дом 26",
      "location": "Местоположение: Минск Мир, Дом 12.3",
      "house_number": "12.3",
      "house_name": "Мадрид",
      "floor": "Этаж: 8",
      "floor_total": "Этажность дома: 25",
      "area": 69.4,
      "price_per_sqm": 1350.0,
      "total_price": 99225.0
    },
    {
      "id": "1615",
      "apartment": "Квартира №15",
      "type": "Квартира",
      "quarter": "Квартал — 12 Западная Европа",
      "status": "Статус: Сдано",
      "address": "улица Леонида Щемелёва, дом 26",
      "location": "Местоположение: Минск Мир, Дом 12.3",
      "house_number": "12.3",
      "house_name": "Мадрид",
      "floor": "Этаж: 3",
      "floor_total": "Этажность дома: 25",
      "area": 69.1,
      "price_per_sqm": 1350.0,
      "total_price": 98820.0
    },
    {
      "id": "1616",
      "apartment": "Квартира №28",
      "type": "Квартира",
      "quarter": "Квартал — 12 Западная Европа",
      "status": "Статус: Сдано",
      "address": "улица Леонида Щемелёва, дом 26",
      "location": "Местоположение: Минск Мир, Дом 12.3",
      "house_number": "12.3",
      "house_name": "Мадрид",
      "floor": "Этаж: 4",
      "floor_total": "Этажность дома: 25",
      "area": 69.3,
      "price_per_sqm": 1350.0,
      "total_price": 99090.0
    },
    {
      "id": "1743",
      "apartment": "Квартира №4",
      "type": "Квартира",
      "quarter": "Квартал — 12 Западная Европа",
      "status": "Статус: Сдано",
      "address": "улица Жореса Алфёрова, дом 11",
      "location": "Местоположение: Минск Мир, Дом 12.13",
      "house_number": "12.13",
      "house_name": "Брюссель",
      "floor": "Этаж: 2",
      "floor_total": "Этажность дома: 25",
      "area": 69.9,
      "price_per_sqm": 1440.0,
      "total_price": 106704.0
    },
    {
      "id": "1751",
      "apartment": "Квартира №4",
      "type": "Квартира",
      "quarter": "Квартал — 12 Западная Европа",
      "status": "Статус: Сдано",
      "address": "улица Михаила Савицкого, дом 35",
      "location": "Местоположение: Минск Мир, Дом 12.8",
      "house_number": "12.8",
      "house_name": "Париж",
      "floor": "Этаж: 3",
      "floor_total": "Этажность дома: 25",
      "area": 54.3,
      "price_per_sqm": 1460.0,
      "total_price": 93294.0
    },
    {
      "id": "3423",
      "apartment": "Квартира №30",
      "type": "Квартира",
      "quarter": "Квартал — 12 Западная Европа",
      "status": "Статус: Сдано",
      "address": "улица Леонида Щемелёва, дом 28",
      "location": "Местоположение: Минск Мир, Дом 12.2",
      "house_number": "12.2",
      "house_name": "Рим",
      "floor": "Этаж: 4",
      "floor_total": "Этажность дома: 25",
      "area": 69.2,
      "price_per_sqm": 1390.0,
      "total_price": 101887.0
    },
    {
      "id": "3424",
      "apartment": "Квартира №17",
      "type": "Квартира",
      "quarter": "Квартал — 12 Западная Европа",
      "status": "Статус: Сдано",
      "address": "улица Леонида Щемелёва, дом 28",
      "location": "Местоположение: Минск Мир, Дом 12.2",
      "house_number": "12.2",
      "house_name": "Рим",
      "floor": "Этаж: 3",
      "floor_total": "Этажность дома: 25",
      "area": 69.3,
      "price_per_sqm": 1390.0,
      "total_price": 102026.0
    },
    {
      "id": "3425",
      "apartment": "Квартира №238",
      "type": "Квартира",
      "quarter": "Квартал — 12 Западная Европа",
      "status": "Статус: Сдано",
      "address": "улица Леонида Щемелёва, дом 28",
      "location": "Местоположение: Минск Мир, Дом 12.2",
      "house_number": "12.2",
      "house_name": "Рим",
      "floor": "Этаж: 20",
      "floor_total": "Этажность дома: 25",
      "area": 69.2,
      "price_per_sqm": 1390.0,
      "total_price": 101887.0
    },
    {
      "id": "3462",
      "apartment": "Квартира №186",
      "type": "Квартира",
      "quarter": "Квартал — 12 Западная Европа",
      "status": "Статус: Сдано",
      "address": "улица Леонида Щемелёва, дом 28",
      "location": "Местоположение: Минск Мир, Дом 12.2",
      "house_number": "12.2",
      "house_name": "Рим",
      "floor": "Этаж: 16",
      "floor_total": "Этажность дома: 25",
      "area": 69.1,
      "price_per_sqm": 1390.0,
      "total_price": 101887.0
    },
    {
      "id": "3653",
      "apartment": "Квартира №4",
      "type": "Квартира",
      "quarter": "Квартал — 12 Западная Европа",
      "status": "Статус: Сдано",
      "address": "улица Игоря Лученка, дом 28",
      "location": "Местоположение: Минск Мир, Дом 12.6",
      "house_number": "12.6",
      "house_name": "Мюнхен",
      "floor": "Этаж: 1",
      "floor_total": "Этажность дома: 25",
      "area": 64.8,
      "price_per_sqm": 1690.0,
      "total_price": 116948.0
    },
    {
      "id": "3654",
      "apartment": "Квартира №5",
      "type": "Квартира",
      "quarter": "Квартал — 12 Западная Европа",
      "status": "Статус: Сдано",
      "address": "улица Игоря Лученка, дом 28",
      "location": "Местоположение: Минск Мир, Дом 12.6",
      "house_number": "12.6",
      "house_name": "Мюнхен",
      "floor": "Этаж: 1",
      "floor_total": "Этажность дома: 25",
      "area": 56.7,
      "price_per_sqm": 1640.0,
      "total_price": 101352.0
    }
  ],
  "statistics": {
    "min_price": 85164.0,
    "max_price": 116948.0,
    "avg_price": 104383.58333333333,
    "min_area": 54.3,
    "max_area": 72.5,
    "available_count": 0
  }
}