{
  "version": "1.0",
  "quarter": "16-Родная-страна",
  "updated_at": "2025-09-22T17:42:35.884103",
  "total_apartments": 12,
  "apartments": [
    {
      "id": "67",
      "apartment": "Бизнес-апартаменты №30",
      "type": "Бизнес-апартаменты",
      "quarter": "Квартал — 16 Родная страна",
      "status": "Статус: Строящиеся Бизнес-апартаменты",
      "address": "",
      "location": "Местоположение: Минск Мир, Дом 16.39",
      "house_number": "16.39",
      "house_name": "Мирский Замок",
      "floor": "Этаж: 3",
      "floor_total": "Этажность дома: 16",
      "area": 67.05,
      "price_per_sqm": 1510.0,
      "total_price": 101246.0
    },
    {
      "id": "68",
      "apartment": "Бизнес-апартаменты №10",
      "type": "Бизнес-апартаменты",
      "quarter": "Квартал — 16 Родная страна",
      "status": "Статус: Строящиеся Бизнес-апартаменты",
      "address": "",
      "location": "Местоположение: Минск Мир, Дом 16.39",
      "house_number": "16.39",
      "house_name": "Мирский Замок",
      "floor": "Этаж: 3",
      "floor_total": "Этажность дома: 16",
      "area": 80.95,
      "price_per_sqm": 1490.0,
      "total_price": 120616.0
    },
    {
      "id": "69",
      "apartment": "Бизнес-апартаменты №28",
      "type": "Бизнес-апартаменты",
      "quarter": "Квартал — 16 Родная страна",
      "status": "Статус: Строящиеся Бизнес-апартаменты",
      "address": "",
      "location": "Местоположение: Минск Мир, Дом 16.39",
      "house_number": "16.39",
      "house_name": "Мирский Замок",
      "floor": "Этаж: 3",
      "floor_total": "Этажность дома: 16",
      "area": 47.75,
      "price_per_sqm": 1640.0,
      "total_price": 78310.0
    },
    {
      "id": "3546",
      "apartment": "Бизнес-апартаменты №10",
      "type": "Бизнес-апартаменты",
      "quarter": "Квартал — 16 Родная страна",
      "status": "Статус: Строящиеся Бизнес-апартаменты",
      "address": "",
      "location": "Местоположение: Минск Мир, Дом 16.38",
      "house_number": "16.38",
      "house_name": "Несвижский замок",
      "floor": "Этаж: 3",
      "floor_total": "Этажность дома: 16",
      "area": 80.95,
      "price_per_sqm": 1490.0,
      "total_price": 120616.0
    },
    {
      "id": "3547",
      "apartment": "Бизнес-апартаменты №28",
      "type": "Бизнес-апартаменты",
      "quarter": "Квартал — 16 Родная страна",
      "status": "Статус: Строящиеся Бизнес-апартаменты",
      "address": "",
      "location": "Местоположение: Минск Мир, Дом 16.38",
      "house_number": "16.38",
      "house_name": "Несвижский замок",
      "floor": "Этаж: 3",
      "floor_total": "Этажность дома: 16",
      "area": 47.75,
      "price_per_sqm": 1640.0,
      "total_price": 78310.0
    },
    {
      "id": "3548",
      "apartment": "Бизнес-апартаменты №23",
      "type": "Бизнес-апартаменты",
      "quarter": "Квартал — 16 Родная страна",
      "status": "Статус: Строящиеся Бизнес-апартаменты",
      "address": "",
      "location": "Местоположение: Минск Мир, Дом 16.38",
      "house_number": "16.38",
      "house_name": "Несвижский замок",
      "floor": "Этаж: 3",
      "floor_total": "Этажность дома: 16",
      "area": 90.23,
      "price_per_sqm": 1480.0,
      "total_price": 133540.0
    },
    {
      "id": "3600",
      "apartment": "Бизнес-апартаменты №407",
      "type": "Бизнес-апартаменты",
      "quarter": "Квартал — 16 Родная страна",
      "status": "Статус: Строящиеся Бизнес-апартаменты",
      "address": "",
      "location": "Местоположение: Минск Мир, Дом 16.38",
      "house_number": "16.38",
      "house_name": "Несвижский замок",
      "floor": "Этаж: 16",
      "floor_total": "Этажность дома: 16",
      "area": 84.32,
      "price_per_sqm": 1480.0,
      "total_price": 124794.0
    },
    {
      "id": "3601",
      "apartment": "Бизнес-апартаменты №27",
      "type": "Бизнес-апартаменты",
      "quarter": "Квартал — 16 Родная страна",
      "status": "Статус: Строящиеся Бизнес-апартаменты",
      "address": "",
      "location": "Местоположение: Минск Мир, Дом 16.38",
      "house_number": "16.38",
      "house_name": "Несвижский замок",
      "floor": "Этаж: 3",
      "floor_total": "Этажность дома: 16",
      "area": 67.06,
      "price_per_sqm": 1510.0,
      "total_price": 101261.0
    },
    {
      "id": "3602",
      "apartment": "Бизнес-апартаменты №8",
      "type": "Бизнес-апартаменты",
      "quarter": "Квартал — 16 Родная страна",
      "status": "Статус: Строящиеся Бизнес-апартаменты",
      "address": "",
      "location": "Местоположение: Минск Мир, Дом 16.38",
      "house_number": "16.38",
      "house_name": "Несвижский замок",
      "floor": "Этаж: 3",
      "floor_total": "Этажность дома: 16",
      "area": 43.47,
      "price_per_sqm": 1640.0,
      "total_price": 71291.0
    },
    {
      "id": "3603",
      "apartment": "Бизнес-апартаменты №29",
      "type": "Бизнес-апартаменты",
      "quarter": "Квартал — 16 Родная страна",
      "status": "Статус: Строящиеся Бизнес-апартаменты",
      "address": "",
      "location": "Местоположение: Минск Мир, Дом 16.38",
      "house_number": "16.38",
      "house_name": "Несвижский замок",
      "floor": "Этаж: 3",
      "floor_total": "Этажность дома: 16",
      "area": 47.75,
      "price_per_sqm": 1640.0,
      "total_price": 78310.0
    },
    {
      "id": "3604",
      "apartment": "Бизнес-апартаменты №30",
      "type": "Бизнес-апартаменты",
      "quarter": "Квартал — 16 Родная страна",
      "status": "Статус: Строящиеся Бизнес-апартаменты",
      "address": "",
      "location": "Местоположение: Минск Мир, Дом 16.38",
      "house_number": "16.38",
      "house_name": "Несвижский замок",
      "floor": "Этаж: 3",
      "floor_total": "Этажность дома: 16",
      "area": 67.05,
      "price_per_sqm": 1510.0,
      "total_price": 101246.0
    },
    {
      "id": "3605",
      "apartment": "Бизнес-апартаменты №22",
      "type": "Бизнес-апартаменты",
      "quarter": "Квартал — 16 Родная страна",
      "status": "Статус: Строящиеся Бизнес-апартаменты",
      "address": "",
      "location": "Местоположение: Минск Мир, Дом 16.38",
      "house_number": "16.38",
      "house_name": "Несвижский замок",
      "floor": "Этаж: 3",
      "floor_total": "Этажность дома: 16",
      "area": 59.38,
      "price_per_sqm": 1500.0,
      "total_price": 89070.0
    }
  ],
  "statistics": {
    "min_price": 71291.0,
    "max_price": 133540.0,
    "avg_price": 99884.16666666667,
    "min_area": 43.47,
    "max_area": 90.23,
    "available_count": 12
  }
}