{
  "version": "1.0",
  "quarter": "18-Чемпионов",
  "updated_at": "2025-09-22T17:42:35.888646",
  "total_apartments": 27,
  "apartments": [
    {
      "id": "1315",
      "apartment": "Квартира №9",
      "type": "Квартира",
      "quarter": "Квартал — 18 Чемпионов",
      "status": "Статус: Сдано",
      "address": "проспект Мира, дом 2",
      "location": "Местоположение: Минск Мир, Дом Сидней Люкс 18.4",
      "house_number": "Сидней Люкс 18.4",
      "house_name": "Диадема",
      "floor": "Этаж: 2",
      "floor_total": "Этажность дома: не указано",
      "area": 65.7,
      "price_per_sqm": 1470.0,
      "total_price": 103194.0
    },
    {
      "id": "1316",
      "apartment": "Квартира №2",
      "type": "Квартира",
      "quarter": "Квартал — 18 Чемпионов",
      "status": "Статус: Сдано",
      "address": "проспект Мира, дом 2",
      "location": "Местоположение: Минск Мир, Дом Сидней Люкс 18.4",
      "house_number": "Сидней Люкс 18.4",
      "house_name": "Диадема",
      "floor": "Этаж: 2",
      "floor_total": "Этажность дома: не указано",
      "area": 63.1,
      "price_per_sqm": 1470.0,
      "total_price": 95991.0
    },
    {
      "id": "1317",
      "apartment": "Квартира №1",
      "type": "Квартира",
      "quarter": "Квартал — 18 Чемпионов",
      "status": "Статус: Сдано",
      "address": "проспект Мира, дом 2",
      "location": "Местоположение: Минск Мир, Дом Сидней Люкс 18.4",
      "house_number": "Сидней Люкс 18.4",
      "house_name": "Диадема",
      "floor": "Этаж: 2",
      "floor_total": "Этажность дома: не указано",
      "area": 65.3,
      "price_per_sqm": 1470.0,
      "total_price": 102606.0
    },
    {
      "id": "1596",
      "apartment": "Квартира №539",
      "type": "Квартира",
      "quarter": "Квартал — 18 Чемпионов",
      "status": "Статус: Сдано",
      "address": "улица Белградская, дом 1",
      "location": "Местоположение: Минск Мир, Дом 18.1",
      "house_number": "18.1",
      "house_name": "Пекин",
      "floor": "Этаж: 1",
      "floor_total": "Этажность дома: 23-25",
      "area": 64.4,
      "price_per_sqm": 1640.0,
      "total_price": 139564.0
    },
    {
      "id": "1597",
      "apartment": "Квартира №540",
      "type": "Квартира",
      "quarter": "Квартал — 18 Чемпионов",
      "status": "Статус: Сдано",
      "address": "улица Белградская, дом 1",
      "location": "Местоположение: Минск Мир, Дом 18.1",
      "house_number": "18.1",
      "house_name": "Пекин",
      "floor": "Этаж: 1",
      "floor_total": "Этажность дома: 23-25",
      "area": 58.6,
      "price_per_sqm": 1640.0,
      "total_price": 130872.0
    },
    {
      "id": "2000",
      "apartment": "Квартира №7",
      "type": "Квартира",
      "quarter": "Квартал — 18 Чемпионов",
      "status": "Статус: Сдано",
      "address": "проспект Мира, дом 6",
      "location": "Местоположение: Минск Мир, Дом 18.6",
      "house_number": "18.6",
      "house_name": "Сочи",
      "floor": "Этаж: 2",
      "floor_total": "Этажность дома: 10 и 25",
      "area": 70.0,
      "price_per_sqm": 1450.0,
      "total_price": 101500.0
    },
    {
      "id": "2001",
      "apartment": "Квартира №8",
      "type": "Квартира",
      "quarter": "Квартал — 18 Чемпионов",
      "status": "Статус: Сдано",
      "address": "проспект Мира, дом 6",
      "location": "Местоположение: Минск Мир, Дом 18.6",
      "house_number": "18.6",
      "house_name": "Сочи",
      "floor": "Этаж: 2",
      "floor_total": "Этажность дома: 10 и 25",
      "area": 72.8,
      "price_per_sqm": 1440.0,
      "total_price": 104832.0
    },
    {
      "id": "2002",
      "apartment": "Квартира №1",
      "type": "Квартира",
      "quarter": "Квартал — 18 Чемпионов",
      "status": "Статус: Сдано",
      "address": "проспект Мира, дом 6",
      "location": "Местоположение: Минск Мир, Дом 18.6",
      "house_number": "18.6",
      "house_name": "Сочи",
      "floor": "Этаж: 2",
      "floor_total": "Этажность дома: 10 и 25",
      "area": 70.5,
      "price_per_sqm": 1440.0,
      "total_price": 101520.0
    },
    {
      "id": "2230",
      "apartment": "Квартира №8",
      "type": "Квартира",
      "quarter": "Квартал — 18 Чемпионов",
      "status": "Статус: Сдано",
      "address": "ул. Белградская, 5",
      "location": "Местоположение: Минск Мир, Дом Рио-де-Жанейро 18.7",
      "house_number": "Рио-де-Жанейро 18.7",
      "house_name": "Диадема",
      "floor": "Этаж: 2",
      "floor_total": "Этажность дома: не указано",
      "area": 74.5,
      "price_per_sqm": 1540.0,
      "total_price": 114730.0
    },
    {
      "id": "2601",
      "apartment": "Квартира №142",
      "type": "Квартира",
      "quarter": "Квартал — 18 Чемпионов",
      "status": "Статус: Сдано",
      "address": "улица Белградская, дом 1",
      "location": "Местоположение: Минск Мир, Дом 18.1",
      "house_number": "18.1",
      "house_name": "Пекин",
      "floor": "Этаж: 1",
      "floor_total": "Этажность дома: 23-25",
      "area": 67.9,
      "price_per_sqm": 1640.0,
      "total_price": 130872.0
    },
    {
      "id": "2602",
      "apartment": "Квартира №143",
      "type": "Квартира",
      "quarter": "Квартал — 18 Чемпионов",
      "status": "Статус: Сдано",
      "address": "улица Белградская, дом 1",
      "location": "Местоположение: Минск Мир, Дом 18.1",
      "house_number": "18.1",
      "house_name": "Пекин",
      "floor": "Этаж: 1",
      "floor_total": "Этажность дома: 23-25",
      "area": 54.8,
      "price_per_sqm": 1670.0,
      "total_price": 114061.0
    },
    {
      "id": "2836",
      "apartment": "Квартира №3",
      "type": "Квартира",
      "quarter": "Квартал — 18 Чемпионов",
      "status": "Статус: Сдано",
      "address": "улица Аэродромная, дом 26",
      "location": "Местоположение: Минск Мир, Дом 18.2",
      "house_number": "18.2",
      "house_name": "Солт Лейк Сити",
      "floor": "Этаж: 1",
      "floor_total": "Этажность дома: 25",
      "area": 65.4,
      "price_per_sqm": 1670.0,
      "total_price": 116065.0
    },
    {
      "id": "2837",
      "apartment": "Квартира №2",
      "type": "Квартира",
      "quarter": "Квартал — 18 Чемпионов",
      "status": "Статус: Сдано",
      "address": "улица Аэродромная, дом 26",
      "location": "Местоположение: Минск Мир, Дом 18.2",
      "house_number": "18.2",
      "house_name": "Солт Лейк Сити",
      "floor": "Этаж: 1",
      "floor_total": "Этажность дома: 25",
      "area": 56.9,
      "price_per_sqm": 1670.0,
      "total_price": 100200.0
    },
    {
      "id": "2943",
      "apartment": "Квартира №353",
      "type": "Квартира",
      "quarter": "Квартал — 18 Чемпионов",
      "status": "Статус: Сдано",
      "address": "улица Белградская, дом 1",
      "location": "Местоположение: Минск Мир, Дом 18.1",
      "house_number": "18.1",
      "house_name": "Пекин",
      "floor": "Этаж: 1",
      "floor_total": "Этажность дома: 23-25",
      "area": 83.9,
      "price_per_sqm": 1640.0,
      "total_price": 152028.0
    },
    {
      "id": "2944",
      "apartment": "Квартира №360",
      "type": "Квартира",
      "quarter": "Квартал — 18 Чемпионов",
      "status": "Статус: Сдано",
      "address": "улица Белградская, дом 1",
      "location": "Местоположение: Минск Мир, Дом 18.1",
      "house_number": "18.1",
      "house_name": "Пекин",
      "floor": "Этаж: 2",
      "floor_total": "Этажность дома: 23-25",
      "area": 70.9,
      "price_per_sqm": 1440.0,
      "total_price": 107136.0
    },
    {
      "id": "2945",
      "apartment": "Квартира №376",
      "type": "Квартира",
      "quarter": "Квартал — 18 Чемпионов",
      "status": "Статус: Сдано",
      "address": "улица Белградская, дом 1",
      "location": "Местоположение: Минск Мир, Дом 18.1",
      "house_number": "18.1",
      "house_name": "Пекин",
      "floor": "Этаж: 4",
      "floor_total": "Этажность дома: 23-25",
      "area": 70.5,
      "price_per_sqm": 1440.0,
      "total_price": 106704.0
    },
    {
      "id": "2946",
      "apartment": "Квартира №351",
      "type": "Квартира",
      "quarter": "Квартал — 18 Чемпионов",
      "status": "Статус: Сдано",
      "address": "улица Белградская, дом 1",
      "location": "Местоположение: Минск Мир, Дом 18.1",
      "house_number": "18.1",
      "house_name": "Пекин",
      "floor": "Этаж: 1",
      "floor_total": "Этажность дома: 23-25",
      "area": 95.1,
      "price_per_sqm": 1590.0,
      "total_price": 209085.0
    },
    {
      "id": "2947",
      "apartment": "Квартира №355",
      "type": "Квартира",
      "quarter": "Квартал — 18 Чемпионов",
      "status": "Статус: Сдано",
      "address": "улица Белградская, дом 1",
      "location": "Местоположение: Минск Мир, Дом 18.1",
      "house_number": "18.1",
      "house_name": "Пекин",
      "floor": "Этаж: 2",
      "floor_total": "Этажность дома: 23-25",
      "area": 85.5,
      "price_per_sqm": 1420.0,
      "total_price": 126096.0
    },
    {
      "id": "2948",
      "apartment": "Квартира №352",
      "type": "Квартира",
      "quarter": "Квартал — 18 Чемпионов",
      "status": "Статус: Сдано",
      "address": "улица Белградская, дом 1",
      "location": "Местоположение: Минск Мир, Дом 18.1",
      "house_number": "18.1",
      "house_name": "Пекин",
      "floor": "Этаж: 1",
      "floor_total": "Этажность дома: 23-25",
      "area": 67.1,
      "price_per_sqm": 1640.0,
      "total_price": 130544.0
    },
    {
      "id": "3408",
      "apartment": "Пентхаус №105",
      "type": "Пентхаус",
      "quarter": "Квартал — 18 Чемпионов",
      "status": "Статус: Сдано",
      "address": "улица Николы Теслы, дом 29",
      "location": "Местоположение: Минск Мир, Дом 18.8",
      "house_number": "18.8",
      "house_name": "Тури́н",
      "floor": "Этаж: 15",
      "floor_total": "Этажность дома: 25",
      "area": 86.1,
      "price_per_sqm": 1590.0,
      "total_price": 173310.0
    },
    {
      "id": "3409",
      "apartment": "Пентхаус №112",
      "type": "Пентхаус",
      "quarter": "Квартал — 18 Чемпионов",
      "status": "Статус: Сдано",
      "address": "улица Николы Теслы, дом 29",
      "location": "Местоположение: Минск Мир, Дом 18.8",
      "house_number": "18.8",
      "house_name": "Тури́н",
      "floor": "Этаж: 15",
      "floor_total": "Этажность дома: 25",
      "area": 87.4,
      "price_per_sqm": 1590.0,
      "total_price": 190800.0
    },
    {
      "id": "3410",
      "apartment": "Квартира №8",
      "type": "Квартира",
      "quarter": "Квартал — 18 Чемпионов",
      "status": "Статус: Сдано",
      "address": "улица Николы Теслы, дом 29",
      "location": "Местоположение: Минск Мир, Дом 18.8",
      "house_number": "18.8",
      "house_name": "Тури́н",
      "floor": "Этаж: 2",
      "floor_total": "Этажность дома: 25",
      "area": 70.7,
      "price_per_sqm": 1535.0,
      "total_price": 115586.0
    },
    {
      "id": "3443",
      "apartment": "Квартира №2",
      "type": "Квартира",
      "quarter": "Квартал — 18 Чемпионов",
      "status": "Статус: Сдано",
      "address": "улица Аэродромная, дом 26А",
      "location": "Местоположение: Минск Мир, Дом 18.3",
      "house_number": "18.3",
      "house_name": "Лиллехаммер",
      "floor": "Этаж: 1",
      "floor_total": "Этажность дома: 25",
      "area": 56.8,
      "price_per_sqm": 1670.0,
      "total_price": 100534.0
    },
    {
      "id": "3444",
      "apartment": "Квартира №1",
      "type": "Квартира",
      "quarter": "Квартал — 18 Чемпионов",
      "status": "Статус: Сдано",
      "address": "улица Аэродромная, дом 26А",
      "location": "Местоположение: Минск Мир, Дом 18.3",
      "house_number": "18.3",
      "house_name": "Лиллехаммер",
      "floor": "Этаж: 1",
      "floor_total": "Этажность дома: 25",
      "area": 64.6,
      "price_per_sqm": 1620.0,
      "total_price": 111780.0
    },
    {
      "id": "4747",
      "apartment": "Квартира №1",
      "type": "Квартира",
      "quarter": "Квартал — 18 Чемпионов",
      "status": "Статус: Сдано",
      "address": "улица Белградская, дом 1",
      "location": "Местоположение: Минск Мир, Дом 18.1",
      "house_number": "18.1",
      "house_name": "Пекин",
      "floor": "Этаж: 1",
      "floor_total": "Этажность дома: 23-25",
      "area": 48.9,
      "price_per_sqm": 1670.0,
      "total_price": 101035.0
    },
    {
      "id": "4748",
      "apartment": "Квартира №2",
      "type": "Квартира",
      "quarter": "Квартал — 18 Чемпионов",
      "status": "Статус: Сдано",
      "address": "улица Белградская, дом 1",
      "location": "Местоположение: Минск Мир, Дом 18.1",
      "house_number": "18.1",
      "house_name": "Пекин",
      "floor": "Этаж: 1",
      "floor_total": "Этажность дома: 23-25",
      "area": 47.8,
      "price_per_sqm": 1670.0,
      "total_price": 111890.0
    },
    {
      "id": "4749",
      "apartment": "Квартира №4",
      "type": "Квартира",
      "quarter": "Квартал — 18 Чемпионов",
      "status": "Статус: Сдано",
      "address": "улица Белградская, дом 1",
      "location": "Местоположение: Минск Мир, Дом 18.1",
      "house_number": "18.1",
      "house_name": "Пекин",
      "floor": "Этаж: 2",
      "floor_total": "Этажность дома: 23-25",
      "area": 75.3,
      "price_per_sqm": 1440.0,
      "total_price": 112176.0
    }
  ],
  "statistics": {
    "min_price": 95991.0,
    "max_price": 209085.0,
    "avg_price": 122396.70370370371,
    "min_area": 47.8,
    "max_area": 95.1,
    "available_count": 0
  }
}