{
  "version": "1.0",
  "quarter": "19-Южная-Европа",
  "updated_at": "2025-09-22T17:42:35.885017",
  "total_apartments": 19,
  "apartments": [
    {
      "id": "128",
      "apartment": "Квартира №2",
      "type": "Квартира",
      "quarter": "Квартал — 19 Южная Европа",
      "status": "Статус: Сдано",
      "address": "улица Белградская, дом 2",
      "location": "Местоположение: Минск Мир, Дом 19.8",
      "house_number": "19.8",
      "house_name": "Салоники",
      "floor": "Этаж: 1",
      "floor_total": "Этажность дома: 25",
      "area": 37.7,
      "price_per_sqm": 1750.0,
      "total_price": 65975.0
    },
    {
      "id": "129",
      "apartment": "Квартира №5",
      "type": "Квартира",
      "quarter": "Квартал — 19 Южная Европа",
      "status": "Статус: Сдано",
      "address": "улица Белградская, дом 2",
      "location": "Местоположение: Минск Мир, Дом 19.8",
      "house_number": "19.8",
      "house_name": "Салоники",
      "floor": "Этаж: 1",
      "floor_total": "Этажность дома: 25",
      "area": 41.9,
      "price_per_sqm": 1740.0,
      "total_price": 72906.0
    },
    {
      "id": "130",
      "apartment": "Квартира №1",
      "type": "Квартира",
      "quarter": "Квартал — 19 Южная Европа",
      "status": "Статус: Сдано",
      "address": "улица Белградская, дом 2",
      "location": "Местоположение: Минск Мир, Дом 19.8",
      "house_number": "19.8",
      "house_name": "Салоники",
      "floor": "Этаж: 1",
      "floor_total": "Этажность дома: 25",
      "area": 52.1,
      "price_per_sqm": 1690.0,
      "total_price": 88049.0
    },
    {
      "id": "718",
      "apartment": "Квартира №125",
      "type": "Квартира",
      "quarter": "Квартал — 19 Южная Европа",
      "status": "Статус: Сдано",
      "address": "улица Аэродромная, дом 20",
      "location": "Местоположение: Минск Мир, Дом 19.4",
      "house_number": "19.4",
      "house_name": "Флоренция",
      "floor": "Этаж: 2",
      "floor_total": "Этажность дома: 25",
      "area": 76.1,
      "price_per_sqm": 1400.0,
      "total_price": 109760.0
    },
    {
      "id": "719",
      "apartment": "Квартира №123",
      "type": "Квартира",
      "quarter": "Квартал — 19 Южная Европа",
      "status": "Статус: Сдано",
      "address": "улица Аэродромная, дом 20",
      "location": "Местоположение: Минск Мир, Дом 19.4",
      "house_number": "19.4",
      "house_name": "Флоренция",
      "floor": "Этаж: 1",
      "floor_total": "Этажность дома: 25",
      "area": 65.3,
      "price_per_sqm": 1670.0,
      "total_price": 111556.0
    },
    {
      "id": "720",
      "apartment": "Квартира №129",
      "type": "Квартира",
      "quarter": "Квартал — 19 Южная Европа",
      "status": "Статус: Сдано",
      "address": "улица Аэродромная, дом 20",
      "location": "Местоположение: Минск Мир, Дом 19.4",
      "house_number": "19.4",
      "house_name": "Флоренция",
      "floor": "Этаж: 2",
      "floor_total": "Этажность дома: 25",
      "area": 73.8,
      "price_per_sqm": 1400.0,
      "total_price": 106820.0
    },
    {
      "id": "721",
      "apartment": "Квартира №124",
      "type": "Квартира",
      "quarter": "Квартал — 19 Южная Европа",
      "status": "Статус: Сдано",
      "address": "улица Аэродромная, дом 20",
      "location": "Местоположение: Минск Мир, Дом 19.4",
      "house_number": "19.4",
      "house_name": "Флоренция",
      "floor": "Этаж: 1",
      "floor_total": "Этажность дома: 25",
      "area": 65.7,
      "price_per_sqm": 1670.0,
      "total_price": 112224.0
    },
    {
      "id": "1551",
      "apartment": "Квартира №2",
      "type": "Квартира",
      "quarter": "Квартал — 19 Южная Европа",
      "status": "Статус: Сдано",
      "address": "улица Аэродромная, дом 20",
      "location": "Местоположение: Минск Мир, Дом 19.4",
      "house_number": "19.4",
      "house_name": "Флоренция",
      "floor": "Этаж: 1",
      "floor_total": "Этажность дома: 25",
      "area": 66.1,
      "price_per_sqm": 1670.0,
      "total_price": 113727.0
    },
    {
      "id": "1552",
      "apartment": "Квартира №1",
      "type": "Квартира",
      "quarter": "Квартал — 19 Южная Европа",
      "status": "Статус: Сдано",
      "address": "улица Аэродромная, дом 20",
      "location": "Местоположение: Минск Мир, Дом 19.4",
      "house_number": "19.4",
      "house_name": "Флоренция",
      "floor": "Этаж: 1",
      "floor_total": "Этажность дома: 25",
      "area": 65.0,
      "price_per_sqm": 1670.0,
      "total_price": 111890.0
    },
    {
      "id": "1553",
      "apartment": "Квартира №7",
      "type": "Квартира",
      "quarter": "Квартал — 19 Южная Европа",
      "status": "Статус: Сдано",
      "address": "улица Аэродромная, дом 20",
      "location": "Местоположение: Минск Мир, Дом 19.4",
      "house_number": "19.4",
      "house_name": "Флоренция",
      "floor": "Этаж: 2",
      "floor_total": "Этажность дома: 25",
      "area": 73.8,
      "price_per_sqm": 1400.0,
      "total_price": 106960.0
    },
    {
      "id": "3447",
      "apartment": "Квартира №247",
      "type": "Квартира",
      "quarter": "Квартал — 19 Южная Европа",
      "status": "Статус: Сдано",
      "address": "улица Аэродромная, дом 20",
      "location": "Местоположение: Минск Мир, Дом 19.4",
      "house_number": "19.4",
      "house_name": "Флоренция",
      "floor": "Этаж: 2",
      "floor_total": "Этажность дома: 25",
      "area": 74.0,
      "price_per_sqm": 1400.0,
      "total_price": 107100.0
    },
    {
      "id": "3448",
      "apartment": "Квартира №246",
      "type": "Квартира",
      "quarter": "Квартал — 19 Южная Европа",
      "status": "Статус: Сдано",
      "address": "улица Аэродромная, дом 20",
      "location": "Местоположение: Минск Мир, Дом 19.4",
      "house_number": "19.4",
      "house_name": "Флоренция",
      "floor": "Этаж: 1",
      "floor_total": "Этажность дома: 25",
      "area": 64.8,
      "price_per_sqm": 1670.0,
      "total_price": 110721.0
    },
    {
      "id": "3449",
      "apartment": "Квартира №245",
      "type": "Квартира",
      "quarter": "Квартал — 19 Южная Европа",
      "status": "Статус: Сдано",
      "address": "улица Аэродромная, дом 20",
      "location": "Местоположение: Минск Мир, Дом 19.4",
      "house_number": "19.4",
      "house_name": "Флоренция",
      "floor": "Этаж: 1",
      "floor_total": "Этажность дома: 25",
      "area": 65.7,
      "price_per_sqm": 1670.0,
      "total_price": 112224.0
    },
    {
      "id": "4790",
      "apartment": "Квартира №2",
      "type": "Квартира",
      "quarter": "Квартал — 19 Южная Европа",
      "status": "Статус: Сдано",
      "address": "улица Аэродромная, дом 18",
      "location": "Местоположение: Минск Мир, Дом 19.1",
      "house_number": "19.1",
      "house_name": "Стамбул",
      "floor": "Этаж: 2",
      "floor_total": "Этажность дома: 25",
      "area": 63.1,
      "price_per_sqm": 1510.0,
      "total_price": 98905.0
    },
    {
      "id": "4815",
      "apartment": "Квартира №4",
      "type": "Квартира",
      "quarter": "Квартал — 19 Южная Европа",
      "status": "Статус: Сдано",
      "address": "улица Аэродромная, дом 24",
      "location": "Местоположение: Минск Мир, Дом 19.7",
      "house_number": "19.7",
      "house_name": "Дубровник",
      "floor": "Этаж: 1",
      "floor_total": "Этажность дома: 25",
      "area": 48.8,
      "price_per_sqm": 1690.0,
      "total_price": 89401.0
    },
    {
      "id": "4816",
      "apartment": "Квартира №2",
      "type": "Квартира",
      "quarter": "Квартал — 19 Южная Европа",
      "status": "Статус: Сдано",
      "address": "улица Аэродромная, дом 24",
      "location": "Местоположение: Минск Мир, Дом 19.7",
      "house_number": "19.7",
      "house_name": "Дубровник",
      "floor": "Этаж: 1",
      "floor_total": "Этажность дома: 25",
      "area": 40.3,
      "price_per_sqm": 1740.0,
      "total_price": 74646.0
    },
    {
      "id": "4881",
      "apartment": "Квартира №4",
      "type": "Квартира",
      "quarter": "Квартал — 19 Южная Европа",
      "status": "Статус: Сдано",
      "address": "улица Аэродромная, дом 22",
      "location": "Местоположение: Минск Мир, Дом 19.6",
      "house_number": "19.6",
      "house_name": "Ко́тор",
      "floor": "Этаж: 1",
      "floor_total": "Этажность дома: 25",
      "area": 48.9,
      "price_per_sqm": 1690.0,
      "total_price": 89739.0
    },
    {
      "id": "4882",
      "apartment": "Квартира №85",
      "type": "Квартира",
      "quarter": "Квартал — 19 Южная Европа",
      "status": "Статус: Сдано",
      "address": "улица Аэродромная, дом 22",
      "location": "Местоположение: Минск Мир, Дом 19.6",
      "house_number": "19.6",
      "house_name": "Ко́тор",
      "floor": "Этаж: 10",
      "floor_total": "Этажность дома: 25",
      "area": 67.7,
      "price_per_sqm": 1450.0,
      "total_price": 100340.0
    },
    {
      "id": "4883",
      "apartment": "Квартира №1",
      "type": "Квартира",
      "quarter": "Квартал — 19 Южная Европа",
      "status": "Статус: Сдано",
      "address": "улица Аэродромная, дом 22",
      "location": "Местоположение: Минск Мир, Дом 19.6",
      "house_number": "19.6",
      "house_name": "Ко́тор",
      "floor": "Этаж: 1",
      "floor_total": "Этажность дома: 25",
      "area": 49.2,
      "price_per_sqm": 1690.0,
      "total_price": 89908.0
    }
  ],
  "statistics": {
    "min_price": 65975.0,
    "max_price": 113727.0,
    "avg_price": 98571.1052631579,
    "min_area": 37.7,
    "max_area": 76.1,
    "available_count": 0
  }
}