{
  "version": "1.0",
  "quarter": "20-Мировых-танцев",
  "updated_at": "2025-09-22T17:42:35.887828",
  "total_apartments": 32,
  "apartments": [
    {
      "id": "1044",
      "apartment": "Квартира №10",
      "type": "Квартира",
      "quarter": "Квартал — 20 Мировых танцев",
      "status": "Статус: Сдано",
      "address": "улица Брилевская, дом 29",
      "location": "Местоположение: Минск Мир, Дом 20.2",
      "house_number": "20.2",
      "house_name": "Самба",
      "floor": "Этаж: 2",
      "floor_total": "Этажность дома: 25",
      "area": 69.9,
      "price_per_sqm": 1390.0,
      "total_price": 103138.0
    },
    {
      "id": "1045",
      "apartment": "Квартира №23",
      "type": "Квартира",
      "quarter": "Квартал — 20 Мировых танцев",
      "status": "Статус: Сдано",
      "address": "улица Брилевская, дом 29",
      "location": "Местоположение: Минск Мир, Дом 20.2",
      "house_number": "20.2",
      "house_name": "Самба",
      "floor": "Этаж: 3",
      "floor_total": "Этажность дома: 25",
      "area": 69.2,
      "price_per_sqm": 1390.0,
      "total_price": 102165.0
    },
    {
      "id": "1046",
      "apartment": "Квартира №75",
      "type": "Квартира",
      "quarter": "Квартал — 20 Мировых танцев",
      "status": "Статус: Сдано",
      "address": "улица Брилевская, дом 29",
      "location": "Местоположение: Минск Мир, Дом 20.2",
      "house_number": "20.2",
      "house_name": "Самба",
      "floor": "Этаж: 7",
      "floor_total": "Этажность дома: 25",
      "area": 69.5,
      "price_per_sqm": 1390.0,
      "total_price": 102582.0
    },
    {
      "id": "1047",
      "apartment": "Квартира №62",
      "type": "Квартира",
      "quarter": "Квартал — 20 Мировых танцев",
      "status": "Статус: Сдано",
      "address": "улица Брилевская, дом 29",
      "location": "Местоположение: Минск Мир, Дом 20.2",
      "house_number": "20.2",
      "house_name": "Самба",
      "floor": "Этаж: 6",
      "floor_total": "Этажность дома: 25",
      "area": 69.6,
      "price_per_sqm": 1390.0,
      "total_price": 102582.0
    },
    {
      "id": "1048",
      "apartment": "Квартира №36",
      "type": "Квартира",
      "quarter": "Квартал — 20 Мировых танцев",
      "status": "Статус: Сдано",
      "address": "улица Брилевская, дом 29",
      "location": "Местоположение: Минск Мир, Дом 20.2",
      "house_number": "20.2",
      "house_name": "Самба",
      "floor": "Этаж: 4",
      "floor_total": "Этажность дома: 25",
      "area": 69.4,
      "price_per_sqm": 1390.0,
      "total_price": 102304.0
    },
    {
      "id": "1049",
      "apartment": "Квартира №88",
      "type": "Квартира",
      "quarter": "Квартал — 20 Мировых танцев",
      "status": "Статус: Сдано",
      "address": "улица Брилевская, дом 29",
      "location": "Местоположение: Минск Мир, Дом 20.2",
      "house_number": "20.2",
      "house_name": "Самба",
      "floor": "Этаж: 8",
      "floor_total": "Этажность дома: 25",
      "area": 69.5,
      "price_per_sqm": 1390.0,
      "total_price": 102304.0
    },
    {
      "id": "1050",
      "apartment": "Квартира №49",
      "type": "Квартира",
      "quarter": "Квартал — 20 Мировых танцев",
      "status": "Статус: Сдано",
      "address": "улица Брилевская, дом 29",
      "location": "Местоположение: Минск Мир, Дом 20.2",
      "house_number": "20.2",
      "house_name": "Самба",
      "floor": "Этаж: 5",
      "floor_total": "Этажность дома: 25",
      "area": 69.5,
      "price_per_sqm": 1390.0,
      "total_price": 102582.0
    },
    {
      "id": "1498",
      "apartment": "Квартира №97",
      "type": "Квартира",
      "quarter": "Квартал — 20 Мировых танцев",
      "status": "Статус: Сдано",
      "address": "улица Брилевская, дом 31",
      "location": "Местоположение: Минск Мир, Дом 20.1",
      "house_number": "20.1",
      "house_name": "Танго",
      "floor": "Этаж: 2",
      "floor_total": "Этажность дома: 16, 17, 19",
      "area": 74.5,
      "price_per_sqm": 1400.0,
      "total_price": 107240.0
    },
    {
      "id": "1558",
      "apartment": "Квартира №101",
      "type": "Квартира",
      "quarter": "Квартал — 20 Мировых танцев",
      "status": "Статус: Сдано",
      "address": "улица Брилевская, дом 31",
      "location": "Местоположение: Минск Мир, Дом 20.1",
      "house_number": "20.1",
      "house_name": "Танго",
      "floor": "Этаж: 2",
      "floor_total": "Этажность дома: 16, 17, 19",
      "area": 83.3,
      "price_per_sqm": 1400.0,
      "total_price": 119840.0
    },
    {
      "id": "1999",
      "apartment": "Квартира №51",
      "type": "Квартира",
      "quarter": "Квартал — 20 Мировых танцев",
      "status": "Статус: Сдано",
      "address": "улица Николы Теслы, дом 1",
      "location": "Местоположение: Минск Мир, Дом 20.11",
      "house_number": "20.11",
      "house_name": "Вальс",
      "floor": "Этаж: 2",
      "floor_total": "Этажность дома: 10",
      "area": 74.5,
      "price_per_sqm": 1420.0,
      "total_price": 105790.0
    },
    {
      "id": "2390",
      "apartment": "Квартира №147",
      "type": "Квартира",
      "quarter": "Квартал — 20 Мировых танцев",
      "status": "Статус: Сдано",
      "address": "улица Брилевская, дом 27",
      "location": "Местоположение: Минск Мир, Дом 20.3",
      "house_number": "20.3",
      "house_name": "Румба",
      "floor": "Этаж: 13",
      "floor_total": "Этажность дома: 25",
      "area": 69.4,
      "price_per_sqm": 1390.0,
      "total_price": 102304.0
    },
    {
      "id": "2391",
      "apartment": "Квартира №56",
      "type": "Квартира",
      "quarter": "Квартал — 20 Мировых танцев",
      "status": "Статус: Сдано",
      "address": "улица Брилевская, дом 27",
      "location": "Местоположение: Минск Мир, Дом 20.3",
      "house_number": "20.3",
      "house_name": "Румба",
      "floor": "Этаж: 6",
      "floor_total": "Этажность дома: 25",
      "area": 69.6,
      "price_per_sqm": 1390.0,
      "total_price": 102860.0
    },
    {
      "id": "2392",
      "apartment": "Квартира №134",
      "type": "Квартира",
      "quarter": "Квартал — 20 Мировых танцев",
      "status": "Статус: Сдано",
      "address": "улица Брилевская, дом 27",
      "location": "Местоположение: Минск Мир, Дом 20.3",
      "house_number": "20.3",
      "house_name": "Румба",
      "floor": "Этаж: 12",
      "floor_total": "Этажность дома: 25",
      "area": 69.8,
      "price_per_sqm": 1390.0,
      "total_price": 102860.0
    },
    {
      "id": "2393",
      "apartment": "Квартира №69",
      "type": "Квартира",
      "quarter": "Квартал — 20 Мировых танцев",
      "status": "Статус: Сдано",
      "address": "улица Брилевская, дом 27",
      "location": "Местоположение: Минск Мир, Дом 20.3",
      "house_number": "20.3",
      "house_name": "Румба",
      "floor": "Этаж: 7",
      "floor_total": "Этажность дома: 25",
      "area": 69.4,
      "price_per_sqm": 1390.0,
      "total_price": 102443.0
    },
    {
      "id": "2394",
      "apartment": "Квартира №43",
      "type": "Квартира",
      "quarter": "Квартал — 20 Мировых танцев",
      "status": "Статус: Сдано",
      "address": "улица Брилевская, дом 27",
      "location": "Местоположение: Минск Мир, Дом 20.3",
      "house_number": "20.3",
      "house_name": "Румба",
      "floor": "Этаж: 5",
      "floor_total": "Этажность дома: 25",
      "area": 69.5,
      "price_per_sqm": 1390.0,
      "total_price": 102304.0
    },
    {
      "id": "2395",
      "apartment": "Квартира №4",
      "type": "Квартира",
      "quarter": "Квартал — 20 Мировых танцев",
      "status": "Статус: Сдано",
      "address": "улица Брилевская, дом 27",
      "location": "Местоположение: Минск Мир, Дом 20.3",
      "house_number": "20.3",
      "house_name": "Румба",
      "floor": "Этаж: 2",
      "floor_total": "Этажность дома: 25",
      "area": 69.7,
      "price_per_sqm": 1390.0,
      "total_price": 102860.0
    },
    {
      "id": "2396",
      "apartment": "Квартира №30",
      "type": "Квартира",
      "quarter": "Квартал — 20 Мировых танцев",
      "status": "Статус: Сдано",
      "address": "улица Брилевская, дом 27",
      "location": "Местоположение: Минск Мир, Дом 20.3",
      "house_number": "20.3",
      "house_name": "Румба",
      "floor": "Этаж: 4",
      "floor_total": "Этажность дома: 25",
      "area": 69.3,
      "price_per_sqm": 1390.0,
      "total_price": 102165.0
    },
    {
      "id": "2397",
      "apartment": "Квартира №82",
      "type": "Квартира",
      "quarter": "Квартал — 20 Мировых танцев",
      "status": "Статус: Сдано",
      "address": "улица Брилевская, дом 27",
      "location": "Местоположение: Минск Мир, Дом 20.3",
      "house_number": "20.3",
      "house_name": "Румба",
      "floor": "Этаж: 8",
      "floor_total": "Этажность дома: 25",
      "area": 69.3,
      "price_per_sqm": 1390.0,
      "total_price": 102165.0
    },
    {
      "id": "2539",
      "apartment": "Квартира №17",
      "type": "Квартира",
      "quarter": "Квартал — 20 Мировых танцев",
      "status": "Статус: Сдано",
      "address": "улица Брилевская, дом 27",
      "location": "Местоположение: Минск Мир, Дом 20.3",
      "house_number": "20.3",
      "house_name": "Румба",
      "floor": "Этаж: 3",
      "floor_total": "Этажность дома: 25",
      "area": 69.3,
      "price_per_sqm": 1390.0,
      "total_price": 102304.0
    },
    {
      "id": "3300",
      "apartment": "Квартира №3",
      "type": "Квартира",
      "quarter": "Квартал — 20 Мировых танцев",
      "status": "Статус: Сдано",
      "address": "улица Брилевская, дом 31",
      "location": "Местоположение: Минск Мир, Дом 20.1",
      "house_number": "20.1",
      "house_name": "Танго",
      "floor": "Этаж: 1",
      "floor_total": "Этажность дома: 16, 17, 19",
      "area": 79.5,
      "price_per_sqm": 1600.0,
      "total_price": 131520.0
    },
    {
      "id": "3407",
      "apartment": "Квартира №5",
      "type": "Квартира",
      "quarter": "Квартал — 20 Мировых танцев",
      "status": "Статус: Сдано",
      "address": "улица Брилевская, дом 31",
      "location": "Местоположение: Минск Мир, Дом 20.1",
      "house_number": "20.1",
      "house_name": "Танго",
      "floor": "Этаж: 2",
      "floor_total": "Этажность дома: 16, 17, 19",
      "area": 66.3,
      "price_per_sqm": 1420.0,
      "total_price": 96702.0
    },
    {
      "id": "3606",
      "apartment": "Квартира №244",
      "type": "Квартира",
      "quarter": "Квартал — 20 Мировых танцев",
      "status": "Статус: Сдано",
      "address": "улица Брилевская, дом 31",
      "location": "Местоположение: Минск Мир, Дом 20.1",
      "house_number": "20.1",
      "house_name": "Танго",
      "floor": "Этаж: 13",
      "floor_total": "Этажность дома: 16, 17, 19",
      "area": 75.2,
      "price_per_sqm": 1400.0,
      "total_price": 108220.0
    },
    {
      "id": "3607",
      "apartment": "Квартира №219",
      "type": "Квартира",
      "quarter": "Квартал — 20 Мировых танцев",
      "status": "Статус: Сдано",
      "address": "улица Брилевская, дом 31",
      "location": "Местоположение: Минск Мир, Дом 20.1",
      "house_number": "20.1",
      "house_name": "Танго",
      "floor": "Этаж: 8",
      "floor_total": "Этажность дома: 16, 17, 19",
      "area": 75.8,
      "price_per_sqm": 1400.0,
      "total_price": 109200.0
    },
    {
      "id": "3608",
      "apartment": "Квартира №229",
      "type": "Квартира",
      "quarter": "Квартал — 20 Мировых танцев",
      "status": "Статус: Сдано",
      "address": "улица Брилевская, дом 31",
      "location": "Местоположение: Минск Мир, Дом 20.1",
      "house_number": "20.1",
      "house_name": "Танго",
      "floor": "Этаж: 10",
      "floor_total": "Этажность дома: 16, 17, 19",
      "area": 75.9,
      "price_per_sqm": 1400.0,
      "total_price": 109200.0
    },
    {
      "id": "3647",
      "apartment": "Квартира №189",
      "type": "Квартира",
      "quarter": "Квартал — 20 Мировых танцев",
      "status": "Статус: Сдано",
      "address": "улица Брилевская, дом 31",
      "location": "Местоположение: Минск Мир, Дом 20.1",
      "house_number": "20.1",
      "house_name": "Танго",
      "floor": "Этаж: 2",
      "floor_total": "Этажность дома: 16, 17, 19",
      "area": 74.1,
      "price_per_sqm": 1400.0,
      "total_price": 106680.0
    },
    {
      "id": "3648",
      "apartment": "Квартира №199",
      "type": "Квартира",
      "quarter": "Квартал — 20 Мировых танцев",
      "status": "Статус: Сдано",
      "address": "улица Брилевская, дом 31",
      "location": "Местоположение: Минск Мир, Дом 20.1",
      "house_number": "20.1",
      "house_name": "Танго",
      "floor": "Этаж: 4",
      "floor_total": "Этажность дома: 16, 17, 19",
      "area": 75.5,
      "price_per_sqm": 1400.0,
      "total_price": 108640.0
    },
    {
      "id": "3649",
      "apartment": "Квартира №187",
      "type": "Квартира",
      "quarter": "Квартал — 20 Мировых танцев",
      "status": "Статус: Сдано",
      "address": "улица Брилевская, дом 31",
      "location": "Местоположение: Минск Мир, Дом 20.1",
      "house_number": "20.1",
      "house_name": "Танго",
      "floor": "Этаж: 1",
      "floor_total": "Этажность дома: 16, 17, 19",
      "area": 89.5,
      "price_per_sqm": 1590.0,
      "total_price": 159000.0
    },
    {
      "id": "3650",
      "apartment": "Квартира №214",
      "type": "Квартира",
      "quarter": "Квартал — 20 Мировых танцев",
      "status": "Статус: Сдано",
      "address": "улица Брилевская, дом 31",
      "location": "Местоположение: Минск Мир, Дом 20.1",
      "house_number": "20.1",
      "house_name": "Танго",
      "floor": "Этаж: 7",
      "floor_total": "Этажность дома: 16, 17, 19",
      "area": 75.6,
      "price_per_sqm": 1400.0,
      "total_price": 108920.0
    },
    {
      "id": "3651",
      "apartment": "Квартира №194",
      "type": "Квартира",
      "quarter": "Квартал — 20 Мировых танцев",
      "status": "Статус: Сдано",
      "address": "улица Брилевская, дом 31",
      "location": "Местоположение: Минск Мир, Дом 20.1",
      "house_number": "20.1",
      "house_name": "Танго",
      "floor": "Этаж: 3",
      "floor_total": "Этажность дома: 16, 17, 19",
      "area": 75.6,
      "price_per_sqm": 1400.0,
      "total_price": 108780.0
    },
    {
      "id": "3652",
      "apartment": "Квартира №234",
      "type": "Квартира",
      "quarter": "Квартал — 20 Мировых танцев",
      "status": "Статус: Сдано",
      "address": "улица Брилевская, дом 31",
      "location": "Местоположение: Минск Мир, Дом 20.1",
      "house_number": "20.1",
      "house_name": "Танго",
      "floor": "Этаж: 11",
      "floor_total": "Этажность дома: 16, 17, 19",
      "area": 76.0,
      "price_per_sqm": 1400.0,
      "total_price": 109340.0
    },
    {
      "id": "7682",
      "apartment": "Квартира №1",
      "type": "Квартира",
      "quarter": "Квартал — 20 Мировых танцев",
      "status": "Статус: Сдано",
      "address": "улица Николы Теслы, дом 1",
      "location": "Местоположение: Минск Мир, Дом 20.11",
      "house_number": "20.11",
      "house_name": "Вальс",
      "floor": "Этаж: 2",
      "floor_total": "Этажность дома: 10",
      "area": 82.8,
      "price_per_sqm": 1390.0,
      "total_price": 115092.0
    },
    {
      "id": "7683",
      "apartment": "Квартира №5",
      "type": "Квартира",
      "quarter": "Квартал — 20 Мировых танцев",
      "status": "Статус: Сдано",
      "address": "улица Николы Теслы, дом 1",
      "location": "Местоположение: Минск Мир, Дом 20.11",
      "house_number": "20.11",
      "house_name": "Вальс",
      "floor": "Этаж: 2",
      "floor_total": "Этажность дома: 10",
      "area": 112.9,
      "price_per_sqm": 1390.0,
      "total_price": 156931.0
    }
  ],
  "statistics": {
    "min_price": 96702.0,
    "max_price": 159000.0,
    "avg_price": 109406.78125,
    "min_area": 66.3,
    "max_area": 112.9,
    "available_count": 0
  }
}