{
  "version": "1.0",
  "quarter": "22-Центральная-Европа",
  "updated_at": "2025-09-22T17:42:35.886533",
  "total_apartments": 115,
  "apartments": [
    {
      "id": "897",
      "apartment": "Квартира №8",
      "type": "Квартира",
      "quarter": "Квартал — 22 Центральная Европа",
      "status": "Статус: Строящаяся квартира",
      "address": "",
      "location": "Местоположение: Минск Мир, Дом 22.7",
      "house_number": "22.7",
      "house_name": "София",
      "floor": "Этаж: 3",
      "floor_total": "Этажность дома: 12",
      "area": 87.7,
      "price_per_sqm": 2250.0,
      "total_price": 197325.0
    },
    {
      "id": "898",
      "apartment": "Квартира №23",
      "type": "Квартира",
      "quarter": "Квартал — 22 Центральная Европа",
      "status": "Статус: Строящаяся квартира",
      "address": "",
      "location": "Местоположение: Минск Мир, Дом 22.7",
      "house_number": "22.7",
      "house_name": "София",
      "floor": "Этаж: 4",
      "floor_total": "Этажность дома: 12",
      "area": 66.98,
      "price_per_sqm": 2300.0,
      "total_price": 154054.0
    },
    {
      "id": "899",
      "apartment": "Квартира №68",
      "type": "Квартира",
      "quarter": "Квартал — 22 Центральная Европа",
      "status": "Статус: Строящаяся квартира",
      "address": "",
      "location": "Местоположение: Минск Мир, Дом 22.7",
      "house_number": "22.7",
      "house_name": "София",
      "floor": "Этаж: 7",
      "floor_total": "Этажность дома: 12",
      "area": 44.14,
      "price_per_sqm": 2600.0,
      "total_price": 114764.0
    },
    {
      "id": "900",
      "apartment": "Квартира №108",
      "type": "Квартира",
      "quarter": "Квартал — 22 Центральная Европа",
      "status": "Статус: Строящаяся квартира",
      "address": "",
      "location": "Местоположение: Минск Мир, Дом 22.7",
      "house_number": "22.7",
      "house_name": "София",
      "floor": "Этаж: 11",
      "floor_total": "Этажность дома: 12",
      "area": 31.6,
      "price_per_sqm": 2650.0,
      "total_price": 83740.0
    },
    {
      "id": "901",
      "apartment": "Квартира №92",
      "type": "Квартира",
      "quarter": "Квартал — 22 Центральная Европа",
      "status": "Статус: Строящаяся квартира",
      "address": "",
      "location": "Местоположение: Минск Мир, Дом 22.7",
      "house_number": "22.7",
      "house_name": "София",
      "floor": "Этаж: 9",
      "floor_total": "Этажность дома: 12",
      "area": 43.28,
      "price_per_sqm": 2600.0,
      "total_price": 112528.0
    },
    {
      "id": "902",
      "apartment": "Квартира №112",
      "type": "Квартира",
      "quarter": "Квартал — 22 Центральная Европа",
      "status": "Статус: Строящаяся квартира",
      "address": "",
      "location": "Местоположение: Минск Мир, Дом 22.7",
      "house_number": "22.7",
      "house_name": "София",
      "floor": "Этаж: 11",
      "floor_total": "Этажность дома: 12",
      "area": 43.56,
      "price_per_sqm": 2600.0,
      "total_price": 113256.0
    },
    {
      "id": "903",
      "apartment": "Квартира №104",
      "type": "Квартира",
      "quarter": "Квартал — 22 Центральная Европа",
      "status": "Статус: Строящаяся квартира",
      "address": "",
      "location": "Местоположение: Минск Мир, Дом 22.7",
      "house_number": "22.7",
      "house_name": "София",
      "floor": "Этаж: 11",
      "floor_total": "Этажность дома: 12",
      "area": 32.69,
      "price_per_sqm": 2650.0,
      "total_price": 86629.0
    },
    {
      "id": "904",
      "apartment": "Квартира №18",
      "type": "Квартира",
      "quarter": "Квартал — 22 Центральная Европа",
      "status": "Статус: Строящаяся квартира",
      "address": "",
      "location": "Местоположение: Минск Мир, Дом 22.7",
      "house_number": "22.7",
      "house_name": "София",
      "floor": "Этаж: 4",
      "floor_total": "Этажность дома: 12",
      "area": 32.18,
      "price_per_sqm": 2650.0,
      "total_price": 85277.0
    },
    {
      "id": "905",
      "apartment": "Квартира №70",
      "type": "Квартира",
      "quarter": "Квартал — 22 Центральная Европа",
      "status": "Статус: Строящаяся квартира",
      "address": "",
      "location": "Местоположение: Минск Мир, Дом 22.7",
      "house_number": "22.7",
      "house_name": "София",
      "floor": "Этаж: 8",
      "floor_total": "Этажность дома: 12",
      "area": 32.17,
      "price_per_sqm": 2650.0,
      "total_price": 85251.0
    },
    {
      "id": "973",
      "apartment": "Квартира №30",
      "type": "Квартира",
      "quarter": "Квартал — 22 Центральная Европа",
      "status": "Статус: Строящаяся квартира",
      "address": "",
      "location": "Местоположение: Минск Мир, Дом 22.7",
      "house_number": "22.7",
      "house_name": "София",
      "floor": "Этаж: 5",
      "floor_total": "Этажность дома: 12",
      "area": 32.69,
      "price_per_sqm": 2650.0,
      "total_price": 86629.0
    },
    {
      "id": "974",
      "apartment": "Квартира №82",
      "type": "Квартира",
      "quarter": "Квартал — 22 Центральная Европа",
      "status": "Статус: Строящаяся квартира",
      "address": "",
      "location": "Местоположение: Минск Мир, Дом 22.7",
      "house_number": "22.7",
      "house_name": "София",
      "floor": "Этаж: 9",
      "floor_total": "Этажность дома: 12",
      "area": 32.37,
      "price_per_sqm": 2650.0,
      "total_price": 85781.0
    },
    {
      "id": "975",
      "apartment": "Квартира №20",
      "type": "Квартира",
      "quarter": "Квартал — 22 Центральная Европа",
      "status": "Статус: Строящаяся квартира",
      "address": "",
      "location": "Местоположение: Минск Мир, Дом 22.7",
      "house_number": "22.7",
      "house_name": "София",
      "floor": "Этаж: 4",
      "floor_total": "Этажность дома: 12",
      "area": 59.44,
      "price_per_sqm": 2400.0,
      "total_price": 142656.0
    },
    {
      "id": "976",
      "apartment": "Квартира №97",
      "type": "Квартира",
      "quarter": "Квартал — 22 Центральная Европа",
      "status": "Статус: Строящаяся квартира",
      "address": "",
      "location": "Местоположение: Минск Мир, Дом 22.7",
      "house_number": "22.7",
      "house_name": "София",
      "floor": "Этаж: 10",
      "floor_total": "Этажность дома: 12",
      "area": 66.98,
      "price_per_sqm": 2300.0,
      "total_price": 154054.0
    },
    {
      "id": "977",
      "apartment": "Квартира №63",
      "type": "Квартира",
      "quarter": "Квартал — 22 Центральная Европа",
      "status": "Статус: Строящаяся квартира",
      "address": "",
      "location": "Местоположение: Минск Мир, Дом 22.7",
      "house_number": "22.7",
      "house_name": "София",
      "floor": "Этаж: 7",
      "floor_total": "Этажность дома: 12",
      "area": 43.66,
      "price_per_sqm": 2600.0,
      "total_price": 113516.0
    },
    {
      "id": "978",
      "apartment": "Квартира №42",
      "type": "Квартира",
      "quarter": "Квартал — 22 Центральная Европа",
      "status": "Статус: Строящаяся квартира",
      "address": "",
      "location": "Местоположение: Минск Мир, Дом 22.7",
      "house_number": "22.7",
      "house_name": "София",
      "floor": "Этаж: 5",
      "floor_total": "Этажность дома: 12",
      "area": 43.56,
      "price_per_sqm": 2600.0,
      "total_price": 113256.0
    },
    {
      "id": "979",
      "apartment": "Квартира №93",
      "type": "Квартира",
      "quarter": "Квартал — 22 Центральная Европа",
      "status": "Статус: Строящаяся квартира",
      "address": "",
      "location": "Местоположение: Минск Мир, Дом 22.7",
      "house_number": "22.7",
      "house_name": "София",
      "floor": "Этаж: 10",
      "floor_total": "Этажность дома: 12",
      "area": 32.69,
      "price_per_sqm": 2650.0,
      "total_price": 86629.0
    },
    {
      "id": "980",
      "apartment": "Квартира №52",
      "type": "Квартира",
      "quarter": "Квартал — 22 Центральная Европа",
      "status": "Статус: Строящаяся квартира",
      "address": "",
      "location": "Местоположение: Минск Мир, Дом 22.7",
      "house_number": "22.7",
      "house_name": "София",
      "floor": "Этаж: 6",
      "floor_total": "Этажность дома: 12",
      "area": 65.51,
      "price_per_sqm": 2300.0,
      "total_price": 150673.0
    },
    {
      "id": "981",
      "apartment": "Квартира №14",
      "type": "Квартира",
      "quarter": "Квартал — 22 Центральная Европа",
      "status": "Статус: Строящаяся квартира",
      "address": "",
      "location": "Местоположение: Минск Мир, Дом 22.7",
      "house_number": "22.7",
      "house_name": "София",
      "floor": "Этаж: 3",
      "floor_total": "Этажность дома: 12",
      "area": 38.17,
      "price_per_sqm": 2690.0,
      "total_price": 102677.0
    },
    {
      "id": "982",
      "apartment": "Квартира №27",
      "type": "Квартира",
      "quarter": "Квартал — 22 Центральная Европа",
      "status": "Статус: Строящаяся квартира",
      "address": "",
      "location": "Местоположение: Минск Мир, Дом 22.7",
      "house_number": "22.7",
      "house_name": "София",
      "floor": "Этаж: 4",
      "floor_total": "Этажность дома: 12",
      "area": 38.18,
      "price_per_sqm": 2690.0,
      "total_price": 102704.0
    },
    {
      "id": "983",
      "apartment": "Квартира №12",
      "type": "Квартира",
      "quarter": "Квартал — 22 Центральная Европа",
      "status": "Статус: Строящаяся квартира",
      "address": "",
      "location": "Местоположение: Минск Мир, Дом 22.7",
      "house_number": "22.7",
      "house_name": "София",
      "floor": "Этаж: 3",
      "floor_total": "Этажность дома: 12",
      "area": 31.18,
      "price_per_sqm": 2650.0,
      "total_price": 82627.0
    },
    {
      "id": "994",
      "apartment": "Квартира №74",
      "type": "Квартира",
      "quarter": "Квартал — 22 Центральная Европа",
      "status": "Статус: Строящаяся квартира",
      "address": "",
      "location": "Местоположение: Минск Мир, Дом 22.7",
      "house_number": "22.7",
      "house_name": "София",
      "floor": "Этаж: 8",
      "floor_total": "Этажность дома: 12",
      "area": 67.38,
      "price_per_sqm": 2300.0,
      "total_price": 154974.0
    },
    {
      "id": "995",
      "apartment": "Квартира №5",
      "type": "Квартира",
      "quarter": "Квартал — 22 Центральная Европа",
      "status": "Статус: Строящаяся квартира",
      "address": "",
      "location": "Местоположение: Минск Мир, Дом 22.7",
      "house_number": "22.7",
      "house_name": "София",
      "floor": "Этаж: 3",
      "floor_total": "Этажность дома: 12",
      "area": 31.75,
      "price_per_sqm": 2650.0,
      "total_price": 84138.0
    },
    {
      "id": "996",
      "apartment": "Квартира №81",
      "type": "Квартира",
      "quarter": "Квартал — 22 Центральная Европа",
      "status": "Статус: Строящаяся квартира",
      "address": "",
      "location": "Местоположение: Минск Мир, Дом 22.7",
      "house_number": "22.7",
      "house_name": "София",
      "floor": "Этаж: 8",
      "floor_total": "Этажность дома: 12",
      "area": 44.14,
      "price_per_sqm": 2600.0,
      "total_price": 114764.0
    },
    {
      "id": "997",
      "apartment": "Квартира №103",
      "type": "Квартира",
      "quarter": "Квартал — 22 Центральная Европа",
      "status": "Статус: Строящаяся квартира",
      "address": "",
      "location": "Местоположение: Минск Мир, Дом 22.7",
      "house_number": "22.7",
      "house_name": "София",
      "floor": "Этаж: 10",
      "floor_total": "Этажность дома: 12",
      "area": 43.56,
      "price_per_sqm": 2600.0,
      "total_price": 113256.0
    },
    {
      "id": "998",
      "apartment": "Квартира №75",
      "type": "Квартира",
      "quarter": "Квартал — 22 Центральная Европа",
      "status": "Статус: Строящаяся квартира",
      "address": "",
      "location": "Местоположение: Минск Мир, Дом 22.7",
      "house_number": "22.7",
      "house_name": "София",
      "floor": "Этаж: 8",
      "floor_total": "Этажность дома: 12",
      "area": 67.41,
      "price_per_sqm": 2300.0,
      "total_price": 155043.0
    },
    {
      "id": "999",
      "apartment": "Квартира №57",
      "type": "Квартира",
      "quarter": "Квартал — 22 Центральная Европа",
      "status": "Статус: Строящаяся квартира",
      "address": "",
      "location": "Местоположение: Минск Мир, Дом 22.7",
      "house_number": "22.7",
      "house_name": "София",
      "floor": "Этаж: 7",
      "floor_total": "Этажность дома: 12",
      "area": 32.17,
      "price_per_sqm": 2650.0,
      "total_price": 85251.0
    },
    {
      "id": "1000",
      "apartment": "Квартира №41",
      "type": "Квартира",
      "quarter": "Квартал — 22 Центральная Европа",
      "status": "Статус: Строящаяся квартира",
      "address": "",
      "location": "Местоположение: Минск Мир, Дом 22.7",
      "house_number": "22.7",
      "house_name": "София",
      "floor": "Этаж: 5",
      "floor_total": "Этажность дома: 12",
      "area": 62.99,
      "price_per_sqm": 2300.0,
      "total_price": 144877.0
    },
    {
      "id": "1001",
      "apartment": "Квартира №72",
      "type": "Квартира",
      "quarter": "Квартал — 22 Центральная Европа",
      "status": "Статус: Строящаяся квартира",
      "address": "",
      "location": "Местоположение: Минск Мир, Дом 22.7",
      "house_number": "22.7",
      "house_name": "София",
      "floor": "Этаж: 8",
      "floor_total": "Этажность дома: 12",
      "area": 55.82,
      "price_per_sqm": 2400.0,
      "total_price": 133968.0
    },
    {
      "id": "1002",
      "apartment": "Квартира №101",
      "type": "Квартира",
      "quarter": "Квартал — 22 Центральная Европа",
      "status": "Статус: Строящаяся квартира",
      "address": "",
      "location": "Местоположение: Минск Мир, Дом 22.7",
      "house_number": "22.7",
      "house_name": "София",
      "floor": "Этаж: 10",
      "floor_total": "Этажность дома: 12",
      "area": 38.18,
      "price_per_sqm": 2690.0,
      "total_price": 102704.0
    },
    {
      "id": "1003",
      "apartment": "Квартира №80",
      "type": "Квартира",
      "quarter": "Квартал — 22 Центральная Европа",
      "status": "Статус: Строящаяся квартира",
      "address": "",
      "location": "Местоположение: Минск Мир, Дом 22.7",
      "house_number": "22.7",
      "house_name": "София",
      "floor": "Этаж: 8",
      "floor_total": "Этажность дома: 12",
      "area": 62.25,
      "price_per_sqm": 2300.0,
      "total_price": 143175.0
    },
    {
      "id": "1004",
      "apartment": "Квартира №1",
      "type": "Квартира",
      "quarter": "Квартал — 22 Центральная Европа",
      "status": "Статус: Строящаяся квартира",
      "address": "",
      "location": "Местоположение: Минск Мир, Дом 22.7",
      "house_number": "22.7",
      "house_name": "София",
      "floor": "Этаж: 2",
      "floor_total": "Этажность дома: 12",
      "area": 32.26,
      "price_per_sqm": 2650.0,
      "total_price": 85489.0
    },
    {
      "id": "1053",
      "apartment": "Квартира №44",
      "type": "Квартира",
      "quarter": "Квартал — 22 Центральная Европа",
      "status": "Статус: Строящаяся квартира",
      "address": "",
      "location": "Местоположение: Минск Мир, Дом 22.7",
      "house_number": "22.7",
      "house_name": "София",
      "floor": "Этаж: 6",
      "floor_total": "Этажность дома: 12",
      "area": 31.86,
      "price_per_sqm": 2650.0,
      "total_price": 84429.0
    },
    {
      "id": "1054",
      "apartment": "Квартира №6",
      "type": "Квартира",
      "quarter": "Квартал — 22 Центральная Европа",
      "status": "Статус: Строящаяся квартира",
      "address": "",
      "location": "Местоположение: Минск Мир, Дом 22.7",
      "house_number": "22.7",
      "house_name": "София",
      "floor": "Этаж: 3",
      "floor_total": "Этажность дома: 12",
      "area": 34.88,
      "price_per_sqm": 2700.0,
      "total_price": 94176.0
    },
    {
      "id": "1055",
      "apartment": "Квартира №87",
      "type": "Квартира",
      "quarter": "Квартал — 22 Центральная Европа",
      "status": "Статус: Строящаяся квартира",
      "address": "",
      "location": "Местоположение: Минск Мир, Дом 22.7",
      "house_number": "22.7",
      "house_name": "София",
      "floor": "Этаж: 9",
      "floor_total": "Этажность дома: 12",
      "area": 43.22,
      "price_per_sqm": 2600.0,
      "total_price": 112372.0
    },
    {
      "id": "1056",
      "apartment": "Квартира №10",
      "type": "Квартира",
      "quarter": "Квартал — 22 Центральная Европа",
      "status": "Статус: Строящаяся квартира",
      "address": "",
      "location": "Местоположение: Минск Мир, Дом 22.7",
      "house_number": "22.7",
      "house_name": "София",
      "floor": "Этаж: 3",
      "floor_total": "Этажность дома: 12",
      "area": 66.54,
      "price_per_sqm": 2300.0,
      "total_price": 153042.0
    },
    {
      "id": "1057",
      "apartment": "Квартира №17",
      "type": "Квартира",
      "quarter": "Квартал — 22 Центральная Европа",
      "status": "Статус: Строящаяся квартира",
      "address": "",
      "location": "Местоположение: Минск Мир, Дом 22.7",
      "house_number": "22.7",
      "house_name": "София",
      "floor": "Этаж: 4",
      "floor_total": "Этажность дома: 12",
      "area": 32.69,
      "price_per_sqm": 2650.0,
      "total_price": 86629.0
    },
    {
      "id": "1058",
      "apartment": "Квартира №85",
      "type": "Квартира",
      "quarter": "Квартал — 22 Центральная Европа",
      "status": "Статус: Строящаяся квартира",
      "address": "",
      "location": "Местоположение: Минск Мир, Дом 22.7",
      "house_number": "22.7",
      "house_name": "София",
      "floor": "Этаж: 9",
      "floor_total": "Этажность дома: 12",
      "area": 108.17,
      "price_per_sqm": 2150.0,
      "total_price": 232566.0
    },
    {
      "id": "1059",
      "apartment": "Пентхаус №113",
      "type": "Пентхаус",
      "quarter": "Квартал — 22 Центральная Европа",
      "status": "Статус: Строящаяся квартира",
      "address": "",
      "location": "Местоположение: Минск Мир, Дом 22.7",
      "house_number": "22.7",
      "house_name": "София",
      "floor": "Этаж: 12",
      "floor_total": "Этажность дома: 12",
      "area": 74.81,
      "price_per_sqm": 2250.0,
      "total_price": 168323.0
    },
    {
      "id": "1060",
      "apartment": "Квартира №33",
      "type": "Квартира",
      "quarter": "Квартал — 22 Центральная Европа",
      "status": "Статус: Строящаяся квартира",
      "address": "",
      "location": "Местоположение: Минск Мир, Дом 22.7",
      "house_number": "22.7",
      "house_name": "София",
      "floor": "Этаж: 5",
      "floor_total": "Этажность дома: 12",
      "area": 59.44,
      "price_per_sqm": 2400.0,
      "total_price": 142656.0
    },
    {
      "id": "1061",
      "apartment": "Квартира №86",
      "type": "Квартира",
      "quarter": "Квартал — 22 Центральная Европа",
      "status": "Статус: Строящаяся квартира",
      "address": "",
      "location": "Местоположение: Минск Мир, Дом 22.7",
      "house_number": "22.7",
      "house_name": "София",
      "floor": "Этаж: 9",
      "floor_total": "Этажность дома: 12",
      "area": 66.88,
      "price_per_sqm": 2300.0,
      "total_price": 153824.0
    },
    {
      "id": "1062",
      "apartment": "Квартира №19",
      "type": "Квартира",
      "quarter": "Квартал — 22 Центральная Европа",
      "status": "Статус: Строящаяся квартира",
      "address": "",
      "location": "Местоположение: Минск Мир, Дом 22.7",
      "house_number": "22.7",
      "house_name": "София",
      "floor": "Этаж: 4",
      "floor_total": "Этажность дома: 12",
      "area": 35.31,
      "price_per_sqm": 2690.0,
      "total_price": 94984.0
    },
    {
      "id": "1063",
      "apartment": "Квартира №89",
      "type": "Квартира",
      "quarter": "Квартал — 22 Центральная Европа",
      "status": "Статус: Строящаяся квартира",
      "address": "",
      "location": "Местоположение: Минск Мир, Дом 22.7",
      "house_number": "22.7",
      "house_name": "София",
      "floor": "Этаж: 9",
      "floor_total": "Этажность дома: 12",
      "area": 65.57,
      "price_per_sqm": 2300.0,
      "total_price": 150811.0
    },
    {
      "id": "1092",
      "apartment": "Квартира №47",
      "type": "Квартира",
      "quarter": "Квартал — 22 Центральная Европа",
      "status": "Статус: Строящаяся квартира",
      "address": "",
      "location": "Местоположение: Минск Мир, Дом 22.7",
      "house_number": "22.7",
      "house_name": "София",
      "floor": "Этаж: 6",
      "floor_total": "Этажность дома: 12",
      "area": 77.96,
      "price_per_sqm": 2250.0,
      "total_price": 175410.0
    },
    {
      "id": "1093",
      "apartment": "Квартира №60",
      "type": "Квартира",
      "quarter": "Квартал — 22 Центральная Европа",
      "status": "Статус: Строящаяся квартира",
      "address": "",
      "location": "Местоположение: Минск Мир, Дом 22.7",
      "house_number": "22.7",
      "house_name": "София",
      "floor": "Этаж: 7",
      "floor_total": "Этажность дома: 12",
      "area": 78.86,
      "price_per_sqm": 2250.0,
      "total_price": 177435.0
    },
    {
      "id": "1094",
      "apartment": "Квартира №16",
      "type": "Квартира",
      "quarter": "Квартал — 22 Центральная Европа",
      "status": "Статус: Строящаяся квартира",
      "address": "",
      "location": "Местоположение: Минск Мир, Дом 22.7",
      "house_number": "22.7",
      "house_name": "София",
      "floor": "Этаж: 3",
      "floor_total": "Этажность дома: 12",
      "area": 43.13,
      "price_per_sqm": 2600.0,
      "total_price": 112138.0
    },
    {
      "id": "1095",
      "apartment": "Квартира №51",
      "type": "Квартира",
      "quarter": "Квартал — 22 Центральная Европа",
      "status": "Статус: Строящаяся квартира",
      "address": "",
      "location": "Местоположение: Минск Мир, Дом 22.7",
      "house_number": "22.7",
      "house_name": "София",
      "floor": "Этаж: 6",
      "floor_total": "Этажность дома: 12",
      "area": 31.29,
      "price_per_sqm": 2650.0,
      "total_price": 82919.0
    },
    {
      "id": "1096",
      "apartment": "Квартира №9",
      "type": "Квартира",
      "quarter": "Квартал — 22 Центральная Европа",
      "status": "Статус: Строящаяся квартира",
      "address": "",
      "location": "Местоположение: Минск Мир, Дом 22.7",
      "house_number": "22.7",
      "house_name": "София",
      "floor": "Этаж: 3",
      "floor_total": "Этажность дома: 12",
      "area": 66.54,
      "price_per_sqm": 2300.0,
      "total_price": 153042.0
    },
    {
      "id": "1097",
      "apartment": "Пентхаус №119",
      "type": "Пентхаус",
      "quarter": "Квартал — 22 Центральная Европа",
      "status": "Статус: Строящаяся квартира",
      "address": "",
      "location": "Местоположение: Минск Мир, Дом 22.7",
      "house_number": "22.7",
      "house_name": "София",
      "floor": "Этаж: 12",
      "floor_total": "Этажность дома: 12",
      "area": 62.2,
      "price_per_sqm": 2300.0,
      "total_price": 143060.0
    },
    {
      "id": "1098",
      "apartment": "Квартира №96",
      "type": "Квартира",
      "quarter": "Квартал — 22 Центральная Европа",
      "status": "Статус: Строящаяся квартира",
      "address": "",
      "location": "Местоположение: Минск Мир, Дом 22.7",
      "house_number": "22.7",
      "house_name": "София",
      "floor": "Этаж: 10",
      "floor_total": "Этажность дома: 12",
      "area": 74.32,
      "price_per_sqm": 2250.0,
      "total_price": 167220.0
    },
    {
      "id": "1099",
      "apartment": "Квартира №49",
      "type": "Квартира",
      "quarter": "Квартал — 22 Центральная Европа",
      "status": "Статус: Строящаяся квартира",
      "address": "",
      "location": "Местоположение: Минск Мир, Дом 22.7",
      "house_number": "22.7",
      "house_name": "София",
      "floor": "Этаж: 6",
      "floor_total": "Этажность дома: 12",
      "area": 66.65,
      "price_per_sqm": 2300.0,
      "total_price": 153295.0
    },
    {
      "id": "1100",
      "apartment": "Квартира №45",
      "type": "Квартира",
      "quarter": "Квартал — 22 Центральная Европа",
      "status": "Статус: Строящаяся квартира",
      "address": "",
      "location": "Местоположение: Минск Мир, Дом 22.7",
      "house_number": "22.7",
      "house_name": "София",
      "floor": "Этаж: 6",
      "floor_total": "Этажность дома: 12",
      "area": 34.99,
      "price_per_sqm": 2600.0,
      "total_price": 90974.0
    },
    {
      "id": "1101",
      "apartment": "Квартира №32",
      "type": "Квартира",
      "quarter": "Квартал — 22 Центральная Европа",
      "status": "Статус: Строящаяся квартира",
      "address": "",
      "location": "Местоположение: Минск Мир, Дом 22.7",
      "house_number": "22.7",
      "house_name": "София",
      "floor": "Этаж: 5",
      "floor_total": "Этажность дома: 12",
      "area": 35.31,
      "price_per_sqm": 2690.0,
      "total_price": 94984.0
    },
    {
      "id": "1102",
      "apartment": "Пентхаус №117",
      "type": "Пентхаус",
      "quarter": "Квартал — 22 Центральная Европа",
      "status": "Статус: Строящаяся квартира",
      "address": "",
      "location": "Местоположение: Минск Мир, Дом 22.7",
      "house_number": "22.7",
      "house_name": "София",
      "floor": "Этаж: 12",
      "floor_total": "Этажность дома: 12",
      "area": 65.51,
      "price_per_sqm": 2300.0,
      "total_price": 150673.0
    },
    {
      "id": "1131",
      "apartment": "Квартира №110",
      "type": "Квартира",
      "quarter": "Квартал — 22 Центральная Европа",
      "status": "Статус: Строящаяся квартира",
      "address": "",
      "location": "Местоположение: Минск Мир, Дом 22.7",
      "house_number": "22.7",
      "house_name": "София",
      "floor": "Этаж: 11",
      "floor_total": "Этажность дома: 12",
      "area": 37.89,
      "price_per_sqm": 2690.0,
      "total_price": 101924.0
    },
    {
      "id": "1132",
      "apartment": "Квартира №77",
      "type": "Квартира",
      "quarter": "Квартал — 22 Центральная Европа",
      "status": "Статус: Строящаяся квартира",
      "address": "",
      "location": "Местоположение: Минск Мир, Дом 22.7",
      "house_number": "22.7",
      "house_name": "София",
      "floor": "Этаж: 8",
      "floor_total": "Этажность дома: 12",
      "area": 31.57,
      "price_per_sqm": 2650.0,
      "total_price": 83661.0
    },
    {
      "id": "1133",
      "apartment": "Квартира №25",
      "type": "Квартира",
      "quarter": "Квартал — 22 Центральная Европа",
      "status": "Статус: Строящаяся квартира",
      "address": "",
      "location": "Местоположение: Минск Мир, Дом 22.7",
      "house_number": "22.7",
      "house_name": "София",
      "floor": "Этаж: 4",
      "floor_total": "Этажность дома: 12",
      "area": 31.6,
      "price_per_sqm": 2650.0,
      "total_price": 83740.0
    },
    {
      "id": "1134",
      "apartment": "Квартира №79",
      "type": "Квартира",
      "quarter": "Квартал — 22 Центральная Европа",
      "status": "Статус: Строящаяся квартира",
      "address": "",
      "location": "Местоположение: Минск Мир, Дом 22.7",
      "house_number": "22.7",
      "house_name": "София",
      "floor": "Этаж: 8",
      "floor_total": "Этажность дома: 12",
      "area": 38.18,
      "price_per_sqm": 2700.0,
      "total_price": 103086.0
    },
    {
      "id": "1135",
      "apartment": "Квартира №73",
      "type": "Квартира",
      "quarter": "Квартал — 22 Центральная Европа",
      "status": "Статус: Строящаяся квартира",
      "address": "",
      "location": "Местоположение: Минск Мир, Дом 22.7",
      "house_number": "22.7",
      "house_name": "София",
      "floor": "Этаж: 8",
      "floor_total": "Этажность дома: 12",
      "area": 78.81,
      "price_per_sqm": 2250.0,
      "total_price": 177323.0
    },
    {
      "id": "1136",
      "apartment": "Квартира №65",
      "type": "Квартира",
      "quarter": "Квартал — 22 Центральная Европа",
      "status": "Статус: Строящаяся квартира",
      "address": "",
      "location": "Местоположение: Минск Мир, Дом 22.7",
      "house_number": "22.7",
      "house_name": "София",
      "floor": "Этаж: 7",
      "floor_total": "Этажность дома: 12",
      "area": 66.41,
      "price_per_sqm": 2300.0,
      "total_price": 152743.0
    },
    {
      "id": "1137",
      "apartment": "Квартира №76",
      "type": "Квартира",
      "quarter": "Квартал — 22 Центральная Европа",
      "status": "Статус: Строящаяся квартира",
      "address": "",
      "location": "Местоположение: Минск Мир, Дом 22.7",
      "house_number": "22.7",
      "house_name": "София",
      "floor": "Этаж: 8",
      "floor_total": "Этажность дома: 12",
      "area": 43.66,
      "price_per_sqm": 2600.0,
      "total_price": 113516.0
    },
    {
      "id": "1138",
      "apartment": "Квартира №84",
      "type": "Квартира",
      "quarter": "Квартал — 22 Центральная Европа",
      "status": "Статус: Строящаяся квартира",
      "address": "",
      "location": "Местоположение: Минск Мир, Дом 22.7",
      "house_number": "22.7",
      "house_name": "София",
      "floor": "Этаж: 9",
      "floor_total": "Этажность дома: 12",
      "area": 68.32,
      "price_per_sqm": 2300.0,
      "total_price": 157136.0
    },
    {
      "id": "1139",
      "apartment": "Квартира №37",
      "type": "Квартира",
      "quarter": "Квартал — 22 Центральная Европа",
      "status": "Статус: Строящаяся квартира",
      "address": "",
      "location": "Местоположение: Минск Мир, Дом 22.7",
      "house_number": "22.7",
      "house_name": "София",
      "floor": "Этаж: 5",
      "floor_total": "Этажность дома: 12",
      "area": 43.54,
      "price_per_sqm": 2600.0,
      "total_price": 113204.0
    },
    {
      "id": "1140",
      "apartment": "Квартира №91",
      "type": "Квартира",
      "quarter": "Квартал — 22 Центральная Европа",
      "status": "Статус: Строящаяся квартира",
      "address": "",
      "location": "Местоположение: Минск Мир, Дом 22.7",
      "house_number": "22.7",
      "house_name": "София",
      "floor": "Этаж: 9",
      "floor_total": "Этажность дома: 12",
      "area": 62.11,
      "price_per_sqm": 2300.0,
      "total_price": 142853.0
    },
    {
      "id": "1141",
      "apartment": "Квартира №24",
      "type": "Квартира",
      "quarter": "Квартал — 22 Центральная Европа",
      "status": "Статус: Строящаяся квартира",
      "address": "",
      "location": "Местоположение: Минск Мир, Дом 22.7",
      "house_number": "22.7",
      "house_name": "София",
      "floor": "Этаж: 4",
      "floor_total": "Этажность дома: 12",
      "area": 43.54,
      "price_per_sqm": 2600.0,
      "total_price": 113204.0
    },
    {
      "id": "1166",
      "apartment": "Квартира №88",
      "type": "Квартира",
      "quarter": "Квартал — 22 Центральная Европа",
      "status": "Статус: Строящаяся квартира",
      "address": "",
      "location": "Местоположение: Минск Мир, Дом 22.7",
      "house_number": "22.7",
      "house_name": "София",
      "floor": "Этаж: 9",
      "floor_total": "Этажность дома: 12",
      "area": 31.29,
      "price_per_sqm": 2650.0,
      "total_price": 82919.0
    },
    {
      "id": "1167",
      "apartment": "Квартира №62",
      "type": "Квартира",
      "quarter": "Квартал — 22 Центральная Европа",
      "status": "Статус: Строящаяся квартира",
      "address": "",
      "location": "Местоположение: Минск Мир, Дом 22.7",
      "house_number": "22.7",
      "house_name": "София",
      "floor": "Этаж: 7",
      "floor_total": "Этажность дома: 12",
      "area": 67.41,
      "price_per_sqm": 2300.0,
      "total_price": 155043.0
    },
    {
      "id": "1168",
      "apartment": "Квартира №4",
      "type": "Квартира",
      "quarter": "Квартал — 22 Центральная Европа",
      "status": "Статус: Строящаяся квартира",
      "address": "",
      "location": "Местоположение: Минск Мир, Дом 22.7",
      "house_number": "22.7",
      "house_name": "София",
      "floor": "Этаж: 3",
      "floor_total": "Этажность дома: 12",
      "area": 32.26,
      "price_per_sqm": 2650.0,
      "total_price": 85489.0
    },
    {
      "id": "1169",
      "apartment": "Квартира №109",
      "type": "Квартира",
      "quarter": "Квартал — 22 Центральная Европа",
      "status": "Статус: Строящаяся квартира",
      "address": "",
      "location": "Местоположение: Минск Мир, Дом 22.7",
      "house_number": "22.7",
      "house_name": "София",
      "floor": "Этаж: 11",
      "floor_total": "Этажность дома: 12",
      "area": 66.02,
      "price_per_sqm": 2300.0,
      "total_price": 151846.0
    },
    {
      "id": "1170",
      "apartment": "Квартира №83",
      "type": "Квартира",
      "quarter": "Квартал — 22 Центральная Европа",
      "status": "Статус: Строящаяся квартира",
      "address": "",
      "location": "Местоположение: Минск Мир, Дом 22.7",
      "house_number": "22.7",
      "house_name": "София",
      "floor": "Этаж: 9",
      "floor_total": "Этажность дома: 12",
      "area": 31.86,
      "price_per_sqm": 2650.0,
      "total_price": 84429.0
    },
    {
      "id": "1171",
      "apartment": "Квартира №2",
      "type": "Квартира",
      "quarter": "Квартал — 22 Центральная Европа",
      "status": "Статус: Строящаяся квартира",
      "address": "",
      "location": "Местоположение: Минск Мир, Дом 22.7",
      "house_number": "22.7",
      "house_name": "София",
      "floor": "Этаж: 2",
      "floor_total": "Этажность дома: 12",
      "area": 31.77,
      "price_per_sqm": 2650.0,
      "total_price": 84191.0
    },
    {
      "id": "1172",
      "apartment": "Квартира №94",
      "type": "Квартира",
      "quarter": "Квартал — 22 Центральная Европа",
      "status": "Статус: Строящаяся квартира",
      "address": "",
      "location": "Местоположение: Минск Мир, Дом 22.7",
      "house_number": "22.7",
      "house_name": "София",
      "floor": "Этаж: 10",
      "floor_total": "Этажность дома: 12",
      "area": 31.85,
      "price_per_sqm": 2650.0,
      "total_price": 84403.0
    },
    {
      "id": "1173",
      "apartment": "Квартира №90",
      "type": "Квартира",
      "quarter": "Квартал — 22 Центральная Европа",
      "status": "Статус: Строящаяся квартира",
      "address": "",
      "location": "Местоположение: Минск Мир, Дом 22.7",
      "house_number": "22.7",
      "house_name": "София",
      "floor": "Этаж: 9",
      "floor_total": "Этажность дома: 12",
      "area": 38.18,
      "price_per_sqm": 2690.0,
      "total_price": 102704.0
    },
    {
      "id": "1174",
      "apartment": "Квартира №26",
      "type": "Квартира",
      "quarter": "Квартал — 22 Центральная Европа",
      "status": "Статус: Строящаяся квартира",
      "address": "",
      "location": "Местоположение: Минск Мир, Дом 22.7",
      "house_number": "22.7",
      "house_name": "София",
      "floor": "Этаж: 4",
      "floor_total": "Этажность дома: 12",
      "area": 66.02,
      "price_per_sqm": 2300.0,
      "total_price": 151846.0
    },
    {
      "id": "1175",
      "apartment": "Пентхаус №118",
      "type": "Пентхаус",
      "quarter": "Квартал — 22 Центральная Европа",
      "status": "Статус: Строящаяся квартира",
      "address": "",
      "location": "Местоположение: Минск Мир, Дом 22.7",
      "house_number": "22.7",
      "house_name": "София",
      "floor": "Этаж: 12",
      "floor_total": "Этажность дома: 12",
      "area": 38.18,
      "price_per_sqm": 2690.0,
      "total_price": 102704.0
    },
    {
      "id": "1176",
      "apartment": "Квартира №31",
      "type": "Квартира",
      "quarter": "Квартал — 22 Центральная Европа",
      "status": "Статус: Строящаяся квартира",
      "address": "",
      "location": "Местоположение: Минск Мир, Дом 22.7",
      "house_number": "22.7",
      "house_name": "София",
      "floor": "Этаж: 5",
      "floor_total": "Этажность дома: 12",
      "area": 32.18,
      "price_per_sqm": 2650.0,
      "total_price": 85277.0
    },
    {
      "id": "1214",
      "apartment": "Квартира №69",
      "type": "Квартира",
      "quarter": "Квартал — 22 Центральная Европа",
      "status": "Статус: Строящаяся квартира",
      "address": "",
      "location": "Местоположение: Минск Мир, Дом 22.7",
      "house_number": "22.7",
      "house_name": "София",
      "floor": "Этаж: 8",
      "floor_total": "Этажность дома: 12",
      "area": 32.68,
      "price_per_sqm": 2650.0,
      "total_price": 86602.0
    },
    {
      "id": "1215",
      "apartment": "Квартира №38",
      "type": "Квартира",
      "quarter": "Квартал — 22 Центральная Европа",
      "status": "Статус: Строящаяся квартира",
      "address": "",
      "location": "Местоположение: Минск Мир, Дом 22.7",
      "house_number": "22.7",
      "house_name": "София",
      "floor": "Этаж: 5",
      "floor_total": "Этажность дома: 12",
      "area": 31.6,
      "price_per_sqm": 2650.0,
      "total_price": 83740.0
    },
    {
      "id": "1216",
      "apartment": "Квартира №58",
      "type": "Квартира",
      "quarter": "Квартал — 22 Центральная Европа",
      "status": "Статус: Строящаяся квартира",
      "address": "",
      "location": "Местоположение: Минск Мир, Дом 22.7",
      "house_number": "22.7",
      "house_name": "София",
      "floor": "Этаж: 7",
      "floor_total": "Этажность дома: 12",
      "area": 35.27,
      "price_per_sqm": 2600.0,
      "total_price": 91702.0
    },
    {
      "id": "1217",
      "apartment": "Пентхаус №120",
      "type": "Пентхаус",
      "quarter": "Квартал — 22 Центральная Европа",
      "status": "Статус: Строящаяся квартира",
      "address": "",
      "location": "Местоположение: Минск Мир, Дом 22.7",
      "house_number": "22.7",
      "house_name": "София",
      "floor": "Этаж: 12",
      "floor_total": "Этажность дома: 12",
      "area": 43.21,
      "price_per_sqm": 2600.0,
      "total_price": 112346.0
    },
    {
      "id": "1218",
      "apartment": "Квартира №99",
      "type": "Квартира",
      "quarter": "Квартал — 22 Центральная Европа",
      "status": "Статус: Строящаяся квартира",
      "address": "",
      "location": "Местоположение: Минск Мир, Дом 22.7",
      "house_number": "22.7",
      "house_name": "София",
      "floor": "Этаж: 10",
      "floor_total": "Этажность дома: 12",
      "area": 31.6,
      "price_per_sqm": 2650.0,
      "total_price": 83740.0
    },
    {
      "id": "1219",
      "apartment": "Квартира №54",
      "type": "Квартира",
      "quarter": "Квартал — 22 Центральная Европа",
      "status": "Статус: Строящаяся квартира",
      "address": "",
      "location": "Местоположение: Минск Мир, Дом 22.7",
      "house_number": "22.7",
      "house_name": "София",
      "floor": "Этаж: 6",
      "floor_total": "Этажность дома: 12",
      "area": 62.2,
      "price_per_sqm": 2300.0,
      "total_price": 143060.0
    },
    {
      "id": "1220",
      "apartment": "Квартира №56",
      "type": "Квартира",
      "quarter": "Квартал — 22 Центральная Европа",
      "status": "Статус: Строящаяся квартира",
      "address": "",
      "location": "Местоположение: Минск Мир, Дом 22.7",
      "house_number": "22.7",
      "house_name": "София",
      "floor": "Этаж: 7",
      "floor_total": "Этажность дома: 12",
      "area": 32.68,
      "price_per_sqm": 2650.0,
      "total_price": 86602.0
    },
    {
      "id": "1221",
      "apartment": "Квартира №29",
      "type": "Квартира",
      "quarter": "Квартал — 22 Центральная Европа",
      "status": "Статус: Строящаяся квартира",
      "address": "",
      "location": "Местоположение: Минск Мир, Дом 22.7",
      "house_number": "22.7",
      "house_name": "София",
      "floor": "Этаж: 4",
      "floor_total": "Этажность дома: 12",
      "area": 43.56,
      "price_per_sqm": 2600.0,
      "total_price": 113256.0
    },
    {
      "id": "1222",
      "apartment": "Квартира №7",
      "type": "Квартира",
      "quarter": "Квартал — 22 Центральная Европа",
      "status": "Статус: Строящаяся квартира",
      "address": "",
      "location": "Местоположение: Минск Мир, Дом 22.7",
      "house_number": "22.7",
      "house_name": "София",
      "floor": "Этаж: 3",
      "floor_total": "Этажность дома: 12",
      "area": 60.28,
      "price_per_sqm": 2400.0,
      "total_price": 144672.0
    },
    {
      "id": "1223",
      "apartment": "Квартира №11",
      "type": "Квартира",
      "quarter": "Квартал — 22 Центральная Европа",
      "status": "Статус: Строящаяся квартира",
      "address": "",
      "location": "Местоположение: Минск Мир, Дом 22.7",
      "house_number": "22.7",
      "house_name": "София",
      "floor": "Этаж: 3",
      "floor_total": "Этажность дома: 12",
      "area": 50.51,
      "price_per_sqm": 2450.0,
      "total_price": 123750.0
    },
    {
      "id": "1224",
      "apartment": "Пентхаус №116",
      "type": "Пентхаус",
      "quarter": "Квартал — 22 Центральная Европа",
      "status": "Статус: Строящаяся квартира",
      "address": "",
      "location": "Местоположение: Минск Мир, Дом 22.7",
      "house_number": "22.7",
      "house_name": "София",
      "floor": "Этаж: 12",
      "floor_total": "Этажность дома: 12",
      "area": 31.29,
      "price_per_sqm": 2650.0,
      "total_price": 82919.0
    },
    {
      "id": "1239",
      "apartment": "Квартира №21",
      "type": "Квартира",
      "quarter": "Квартал — 22 Центральная Европа",
      "status": "Статус: Строящаяся квартира",
      "address": "",
      "location": "Местоположение: Минск Мир, Дом 22.7",
      "house_number": "22.7",
      "house_name": "София",
      "floor": "Этаж: 4",
      "floor_total": "Этажность дома: 12",
      "area": 78.52,
      "price_per_sqm": 2250.0,
      "total_price": 176670.0
    },
    {
      "id": "1240",
      "apartment": "Квартира №46",
      "type": "Квартира",
      "quarter": "Квартал — 22 Центральная Европа",
      "status": "Статус: Строящаяся квартира",
      "address": "",
      "location": "Местоположение: Минск Мир, Дом 22.7",
      "house_number": "22.7",
      "house_name": "София",
      "floor": "Этаж: 6",
      "floor_total": "Этажность дома: 12",
      "area": 58.83,
      "price_per_sqm": 2400.0,
      "total_price": 141192.0
    },
    {
      "id": "1241",
      "apartment": "Квартира №15",
      "type": "Квартира",
      "quarter": "Квартал — 22 Центральная Европа",
      "status": "Статус: Строящаяся квартира",
      "address": "",
      "location": "Местоположение: Минск Мир, Дом 22.7",
      "house_number": "22.7",
      "house_name": "София",
      "floor": "Этаж: 3",
      "floor_total": "Этажность дома: 12",
      "area": 63.22,
      "price_per_sqm": 2300.0,
      "total_price": 145406.0
    },
    {
      "id": "1242",
      "apartment": "Квартира №48",
      "type": "Квартира",
      "quarter": "Квартал — 22 Центральная Европа",
      "status": "Статус: Строящаяся квартира",
      "address": "",
      "location": "Местоположение: Минск Мир, Дом 22.7",
      "house_number": "22.7",
      "house_name": "София",
      "floor": "Этаж: 6",
      "floor_total": "Этажность дома: 12",
      "area": 66.79,
      "price_per_sqm": 2300.0,
      "total_price": 153617.0
    },
    {
      "id": "1243",
      "apartment": "Квартира №43",
      "type": "Квартира",
      "quarter": "Квартал — 22 Центральная Европа",
      "status": "Статус: Строящаяся квартира",
      "address": "",
      "location": "Местоположение: Минск Мир, Дом 22.7",
      "house_number": "22.7",
      "house_name": "София",
      "floor": "Этаж: 6",
      "floor_total": "Этажность дома: 12",
      "area": 32.37,
      "price_per_sqm": 2650.0,
      "total_price": 85781.0
    },
    {
      "id": "1244",
      "apartment": "Квартира №64",
      "type": "Квартира",
      "quarter": "Квартал — 22 Центральная Европа",
      "status": "Статус: Строящаяся квартира",
      "address": "",
      "location": "Местоположение: Минск Мир, Дом 22.7",
      "house_number": "22.7",
      "house_name": "София",
      "floor": "Этаж: 7",
      "floor_total": "Этажность дома: 12",
      "area": 31.57,
      "price_per_sqm": 2650.0,
      "total_price": 83661.0
    },
    {
      "id": "1245",
      "apartment": "Квартира №50",
      "type": "Квартира",
      "quarter": "Квартал — 22 Центральная Европа",
      "status": "Статус: Строящаяся квартира",
      "address": "",
      "location": "Местоположение: Минск Мир, Дом 22.7",
      "house_number": "22.7",
      "house_name": "София",
      "floor": "Этаж: 6",
      "floor_total": "Этажность дома: 12",
      "area": 43.21,
      "price_per_sqm": 2600.0,
      "total_price": 112346.0
    },
    {
      "id": "1246",
      "apartment": "Квартира №28",
      "type": "Квартира",
      "quarter": "Квартал — 22 Центральная Европа",
      "status": "Статус: Строящаяся квартира",
      "address": "",
      "location": "Местоположение: Минск Мир, Дом 22.7",
      "house_number": "22.7",
      "house_name": "София",
      "floor": "Этаж: 4",
      "floor_total": "Этажность дома: 12",
      "area": 62.99,
      "price_per_sqm": 2300.0,
      "total_price": 144877.0
    },
    {
      "id": "1247",
      "apartment": "Квартира №13",
      "type": "Квартира",
      "quarter": "Квартал — 22 Центральная Европа",
      "status": "Статус: Строящаяся квартира",
      "address": "",
      "location": "Местоположение: Минск Мир, Дом 22.7",
      "house_number": "22.7",
      "house_name": "София",
      "floor": "Этаж: 3",
      "floor_total": "Этажность дома: 12",
      "area": 66.66,
      "price_per_sqm": 2300.0,
      "total_price": 153318.0
    },
    {
      "id": "1248",
      "apartment": "Квартира №22",
      "type": "Квартира",
      "quarter": "Квартал — 22 Центральная Европа",
      "status": "Статус: Строящаяся квартира",
      "address": "",
      "location": "Местоположение: Минск Мир, Дом 22.7",
      "house_number": "22.7",
      "house_name": "София",
      "floor": "Этаж: 4",
      "floor_total": "Этажность дома: 12",
      "area": 67.81,
      "price_per_sqm": 2300.0,
      "total_price": 155963.0
    },
    {
      "id": "1249",
      "apartment": "Квартира №59",
      "type": "Квартира",
      "quarter": "Квартал — 22 Центральная Европа",
      "status": "Статус: Строящаяся квартира",
      "address": "",
      "location": "Местоположение: Минск Мир, Дом 22.7",
      "house_number": "22.7",
      "house_name": "София",
      "floor": "Этаж: 7",
      "floor_total": "Этажность дома: 12",
      "area": 58.75,
      "price_per_sqm": 2400.0,
      "total_price": 141000.0
    },
    {
      "id": "1274",
      "apartment": "Квартира №61",
      "type": "Квартира",
      "quarter": "Квартал — 22 Центральная Европа",
      "status": "Статус: Строящаяся квартира",
      "address": "",
      "location": "Местоположение: Минск Мир, Дом 22.7",
      "house_number": "22.7",
      "house_name": "София",
      "floor": "Этаж: 7",
      "floor_total": "Этажность дома: 12",
      "area": 67.38,
      "price_per_sqm": 2300.0,
      "total_price": 154974.0
    },
    {
      "id": "1275",
      "apartment": "Квартира №34",
      "type": "Квартира",
      "quarter": "Квартал — 22 Центральная Европа",
      "status": "Статус: Строящаяся квартира",
      "address": "",
      "location": "Местоположение: Минск Мир, Дом 22.7",
      "house_number": "22.7",
      "house_name": "София",
      "floor": "Этаж: 5",
      "floor_total": "Этажность дома: 12",
      "area": 78.52,
      "price_per_sqm": 2250.0,
      "total_price": 176670.0
    },
    {
      "id": "1276",
      "apartment": "Квартира №3",
      "type": "Квартира",
      "quarter": "Квартал — 22 Центральная Европа",
      "status": "Статус: Строящаяся квартира",
      "address": "",
      "location": "Местоположение: Минск Мир, Дом 22.7",
      "house_number": "22.7",
      "house_name": "София",
      "floor": "Этаж: 2",
      "floor_total": "Этажность дома: 12",
      "area": 34.88,
      "price_per_sqm": 2700.0,
      "total_price": 94176.0
    },
    {
      "id": "1277",
      "apartment": "Квартира №39",
      "type": "Квартира",
      "quarter": "Квартал — 22 Центральная Европа",
      "status": "Статус: Строящаяся квартира",
      "address": "",
      "location": "Местоположение: Минск Мир, Дом 22.7",
      "house_number": "22.7",
      "house_name": "София",
      "floor": "Этаж: 5",
      "floor_total": "Этажность дома: 12",
      "area": 66.02,
      "price_per_sqm": 2300.0,
      "total_price": 151846.0
    },
    {
      "id": "1278",
      "apartment": "Квартира №66",
      "type": "Квартира",
      "quarter": "Квартал — 22 Центральная Европа",
      "status": "Статус: Строящаяся квартира",
      "address": "",
      "location": "Местоположение: Минск Мир, Дом 22.7",
      "house_number": "22.7",
      "house_name": "София",
      "floor": "Этаж: 7",
      "floor_total": "Этажность дома: 12",
      "area": 38.18,
      "price_per_sqm": 2690.0,
      "total_price": 102704.0
    },
    {
      "id": "1279",
      "apartment": "Квартира №107",
      "type": "Квартира",
      "quarter": "Квартал — 22 Центральная Европа",
      "status": "Статус: Строящаяся квартира",
      "address": "",
      "location": "Местоположение: Минск Мир, Дом 22.7",
      "house_number": "22.7",
      "house_name": "София",
      "floor": "Этаж: 11",
      "floor_total": "Этажность дома: 12",
      "area": 66.91,
      "price_per_sqm": 2300.0,
      "total_price": 153893.0
    },
    {
      "id": "1280",
      "apartment": "Квартира №95",
      "type": "Квартира",
      "quarter": "Квартал — 22 Центральная Европа",
      "status": "Статус: Строящаяся квартира",
      "address": "",
      "location": "Местоположение: Минск Мир, Дом 22.7",
      "house_number": "22.7",
      "house_name": "София",
      "floor": "Этаж: 10",
      "floor_total": "Этажность дома: 12",
      "area": 44.19,
      "price_per_sqm": 2600.0,
      "total_price": 114894.0
    },
    {
      "id": "1281",
      "apartment": "Квартира №67",
      "type": "Квартира",
      "quarter": "Квартал — 22 Центральная Европа",
      "status": "Статус: Строящаяся квартира",
      "address": "",
      "location": "Местоположение: Минск Мир, Дом 22.7",
      "house_number": "22.7",
      "house_name": "София",
      "floor": "Этаж: 7",
      "floor_total": "Этажность дома: 12",
      "area": 62.25,
      "price_per_sqm": 2300.0,
      "total_price": 143175.0
    },
    {
      "id": "1282",
      "apartment": "Квартира №36",
      "type": "Квартира",
      "quarter": "Квартал — 22 Центральная Европа",
      "status": "Статус: Строящаяся квартира",
      "address": "",
      "location": "Местоположение: Минск Мир, Дом 22.7",
      "house_number": "22.7",
      "house_name": "София",
      "floor": "Этаж: 5",
      "floor_total": "Этажность дома: 12",
      "area": 66.98,
      "price_per_sqm": 2300.0,
      "total_price": 154054.0
    },
    {
      "id": "1283",
      "apartment": "Квартира №40",
      "type": "Квартира",
      "quarter": "Квартал — 22 Центральная Европа",
      "status": "Статус: Строящаяся квартира",
      "address": "",
      "location": "Местоположение: Минск Мир, Дом 22.7",
      "house_number": "22.7",
      "house_name": "София",
      "floor": "Этаж: 5",
      "floor_total": "Этажность дома: 12",
      "area": 38.18,
      "price_per_sqm": 2690.0,
      "total_price": 102704.0
    },
    {
      "id": "1284",
      "apartment": "Квартира №35",
      "type": "Квартира",
      "quarter": "Квартал — 22 Центральная Европа",
      "status": "Статус: Строящаяся квартира",
      "address": "",
      "location": "Местоположение: Минск Мир, Дом 22.7",
      "house_number": "22.7",
      "house_name": "София",
      "floor": "Этаж: 5",
      "floor_total": "Этажность дома: 12",
      "area": 67.82,
      "price_per_sqm": 2300.0,
      "total_price": 155986.0
    },
    {
      "id": "1309",
      "apartment": "Квартира №71",
      "type": "Квартира",
      "quarter": "Квартал — 22 Центральная Европа",
      "status": "Статус: Строящаяся квартира",
      "address": "",
      "location": "Местоположение: Минск Мир, Дом 22.7",
      "house_number": "22.7",
      "house_name": "София",
      "floor": "Этаж: 8",
      "floor_total": "Этажность дома: 12",
      "area": 35.27,
      "price_per_sqm": 2600.0,
      "total_price": 91702.0
    },
    {
      "id": "1310",
      "apartment": "Квартира №55",
      "type": "Квартира",
      "quarter": "Квартал — 22 Центральная Европа",
      "status": "Статус: Строящаяся квартира",
      "address": "",
      "location": "Местоположение: Минск Мир, Дом 22.7",
      "house_number": "22.7",
      "house_name": "София",
      "floor": "Этаж: 6",
      "floor_total": "Этажность дома: 12",
      "area": 43.21,
      "price_per_sqm": 2600.0,
      "total_price": 112346.0
    },
    {
      "id": "1311",
      "apartment": "Квартира №105",
      "type": "Квартира",
      "quarter": "Квартал — 22 Центральная Европа",
      "status": "Статус: Строящаяся квартира",
      "address": "",
      "location": "Местоположение: Минск Мир, Дом 22.7",
      "house_number": "22.7",
      "house_name": "София",
      "floor": "Этаж: 11",
      "floor_total": "Этажность дома: 12",
      "area": 66.34,
      "price_per_sqm": 2300.0,
      "total_price": 152582.0
    },
    {
      "id": "1312",
      "apartment": "Квартира №102",
      "type": "Квартира",
      "quarter": "Квартал — 22 Центральная Европа",
      "status": "Статус: Строящаяся квартира",
      "address": "",
      "location": "Местоположение: Минск Мир, Дом 22.7",
      "house_number": "22.7",
      "house_name": "София",
      "floor": "Этаж: 10",
      "floor_total": "Этажность дома: 12",
      "area": 63.0,
      "price_per_sqm": 2300.0,
      "total_price": 144900.0
    },
    {
      "id": "1313",
      "apartment": "Квартира №53",
      "type": "Квартира",
      "quarter": "Квартал — 22 Центральная Европа",
      "status": "Статус: Строящаяся квартира",
      "address": "",
      "location": "Местоположение: Минск Мир, Дом 22.7",
      "house_number": "22.7",
      "house_name": "София",
      "floor": "Этаж: 6",
      "floor_total": "Этажность дома: 12",
      "area": 38.18,
      "price_per_sqm": 2690.0,
      "total_price": 102704.0
    },
    {
      "id": "1314",
      "apartment": "Квартира №111",
      "type": "Квартира",
      "quarter": "Квартал — 22 Центральная Европа",
      "status": "Статус: Строящаяся квартира",
      "address": "",
      "location": "Местоположение: Минск Мир, Дом 22.7",
      "house_number": "22.7",
      "house_name": "София",
      "floor": "Этаж: 11",
      "floor_total": "Этажность дома: 12",
      "area": 62.99,
      "price_per_sqm": 2300.0,
      "total_price": 144877.0
    },
    {
      "id": "1750",
      "apartment": "Квартира №1",
      "type": "Квартира",
      "quarter": "Квартал — 22 Центральная Европа",
      "status": "Статус: Сдано",
      "address": "улица Игоря Лученка, дом 13",
      "location": "Местоположение: Минск Мир, Дом 22.2",
      "house_number": "22.2",
      "house_name": "Варшава",
      "floor": "Этаж: 1",
      "floor_total": "Этажность дома: 23",
      "area": 40.7,
      "price_per_sqm": 2230.0,
      "total_price": 103695.0
    }
  ],
  "statistics": {
    "min_price": 82627.0,
    "max_price": 232566.0,
    "avg_price": 122295.39130434782,
    "min_area": 31.18,
    "max_area": 108.17,
    "available_count": 114
  }
}