{
  "version": "1.0",
  "quarter": "23-Евразия",
  "updated_at": "2025-09-22T17:42:35.884855",
  "total_apartments": 5,
  "apartments": [
    {
      "id": "120",
      "apartment": "Квартира №2",
      "type": "Квартира",
      "quarter": "Квартал — 23 Евразия",
      "status": "Статус: Сдано",
      "address": "улица Игоря Лученка, дом 9",
      "location": "Местоположение: Минск Мир, Дом 23.6",
      "house_number": "23.6",
      "house_name": "Екатеринбург",
      "floor": "Этаж: 1",
      "floor_total": "Этажность дома: 25",
      "area": 43.9,
      "price_per_sqm": 1670.0,
      "total_price": 82164.0
    },
    {
      "id": "121",
      "apartment": "Квартира №1",
      "type": "Квартира",
      "quarter": "Квартал — 23 Евразия",
      "status": "Статус: Сдано",
      "address": "улица Игоря Лученка, дом 9",
      "location": "Местоположение: Минск Мир, Дом 23.6",
      "house_number": "23.6",
      "house_name": "Екатеринбург",
      "floor": "Этаж: 1",
      "floor_total": "Этажность дома: 25",
      "area": 40.6,
      "price_per_sqm": 1720.0,
      "total_price": 80152.0
    },
    {
      "id": "4751",
      "apartment": "Квартира №1",
      "type": "Квартира",
      "quarter": "Квартал — 23 Евразия",
      "status": "Статус: Сдано",
      "address": "улица Белградская, дом 6",
      "location": "Местоположение: Минск Мир, Дом 23.4",
      "house_number": "23.4",
      "house_name": "Баку",
      "floor": "Этаж: 1",
      "floor_total": "Этажность дома: 25",
      "area": 40.7,
      "price_per_sqm": 1720.0,
      "total_price": 80324.0
    },
    {
      "id": "4879",
      "apartment": "Квартира №6",
      "type": "Квартира",
      "quarter": "Квартал — 23 Евразия",
      "status": "Статус: Сдано",
      "address": "улица Белградская, дом 6",
      "location": "Местоположение: Минск Мир, Дом 23.4",
      "house_number": "23.4",
      "house_name": "Баку",
      "floor": "Этаж: 1",
      "floor_total": "Этажность дома: 25",
      "area": 58.0,
      "price_per_sqm": 1670.0,
      "total_price": 106880.0
    },
    {
      "id": "7187",
      "apartment": "Квартира №2",
      "type": "Квартира",
      "quarter": "Квартал — 23 Евразия",
      "status": "Статус: Сдано",
      "address": "улица Николы Теслы, дом 10",
      "location": "Местоположение: Минск Мир, Дом 23.2",
      "house_number": "23.2",
      "house_name": "Тбилиси",
      "floor": "Этаж: 1",
      "floor_total": "Этажность дома: 19",
      "area": 59.4,
      "price_per_sqm": 1670.0,
      "total_price": 106212.0
    }
  ],
  "statistics": {
    "min_price": 80152.0,
    "max_price": 106880.0,
    "avg_price": 91146.4,
    "min_area": 40.6,
    "max_area": 59.4,
    "available_count": 0
  }
}