{
  "version": "1.0",
  "quarter": "25-Азия",
  "updated_at": "2025-09-22T17:42:35.884444",
  "total_apartments": 28,
  "apartments": [
    {
      "id": "87",
      "apartment": "Квартира №3",
      "type": "Квартира",
      "quarter": "Квартал — 25 Азия",
      "status": "Статус: Сдано",
      "address": "улица Михаила Савицкого, дом 2",
      "location": "Местоположение: Минск Мир, Дом 25.1",
      "house_number": "25.1",
      "house_name": "Сеул",
      "floor": "Этаж: 1",
      "floor_total": "Этажность дома: 15",
      "area": 41.4,
      "price_per_sqm": 2040.0,
      "total_price": 114444.0
    },
    {
      "id": "1051",
      "apartment": "Квартира №6",
      "type": "Квартира",
      "quarter": "Квартал — 25 Азия",
      "status": "Статус: Сдано",
      "address": "улица Михаила Савицкого, дом 4",
      "location": "Местоположение: Минск Мир, Дом 25.2",
      "house_number": "25.2",
      "house_name": "Токио ",
      "floor": "Этаж: 1",
      "floor_total": "Этажность дома: 16,17,18",
      "area": 59.8,
      "price_per_sqm": 1670.0,
      "total_price": 109552.0
    },
    {
      "id": "1207",
      "apartment": "Квартира №136",
      "type": "Квартира",
      "quarter": "Квартал — 25 Азия",
      "status": "Статус: Сдано",
      "address": "улица Михаила Савицкого, дом 8",
      "location": "Местоположение: Минск Мир, Дом 25.3",
      "house_number": "25.3",
      "house_name": "Манила ",
      "floor": "Этаж: 1",
      "floor_total": "Этажность дома: 15",
      "area": 41.6,
      "price_per_sqm": 1710.0,
      "total_price": 84816.0
    },
    {
      "id": "1208",
      "apartment": "Квартира №133",
      "type": "Квартира",
      "quarter": "Квартал — 25 Азия",
      "status": "Статус: Сдано",
      "address": "улица Михаила Савицкого, дом 8",
      "location": "Местоположение: Минск Мир, Дом 25.3",
      "house_number": "25.3",
      "house_name": "Манила ",
      "floor": "Этаж: 1",
      "floor_total": "Этажность дома: 15",
      "area": 56.6,
      "price_per_sqm": 1630.0,
      "total_price": 92258.0
    },
    {
      "id": "1209",
      "apartment": "Квартира №135",
      "type": "Квартира",
      "quarter": "Квартал — 25 Азия",
      "status": "Статус: Сдано",
      "address": "улица Михаила Савицкого, дом 8",
      "location": "Местоположение: Минск Мир, Дом 25.3",
      "house_number": "25.3",
      "house_name": "Манила ",
      "floor": "Этаж: 1",
      "floor_total": "Этажность дома: 15",
      "area": 44.1,
      "price_per_sqm": 1690.0,
      "total_price": 96161.0
    },
    {
      "id": "1210",
      "apartment": "Квартира №134",
      "type": "Квартира",
      "quarter": "Квартал — 25 Азия",
      "status": "Статус: Сдано",
      "address": "улица Михаила Савицкого, дом 8",
      "location": "Местоположение: Минск Мир, Дом 25.3",
      "house_number": "25.3",
      "house_name": "Манила ",
      "floor": "Этаж: 1",
      "floor_total": "Этажность дома: 15",
      "area": 59.3,
      "price_per_sqm": 1650.0,
      "total_price": 118140.0
    },
    {
      "id": "1632",
      "apartment": "Квартира №12",
      "type": "Квартира",
      "quarter": "Квартал — 25 Азия",
      "status": "Статус: Сдано",
      "address": "улица Брилевская, дом 37",
      "location": "Местоположение: Минск Мир, Дом 25.9",
      "house_number": "25.9",
      "house_name": "Мумбаи",
      "floor": "Этаж: 2",
      "floor_total": "Этажность дома: 25",
      "area": 69.5,
      "price_per_sqm": 1410.0,
      "total_price": 103776.0
    },
    {
      "id": "1633",
      "apartment": "Квартира №3",
      "type": "Квартира",
      "quarter": "Квартал — 25 Азия",
      "status": "Статус: Сдано",
      "address": "улица Брилевская, дом 37",
      "location": "Местоположение: Минск Мир, Дом 25.9",
      "house_number": "25.9",
      "house_name": "Мумбаи",
      "floor": "Этаж: 1",
      "floor_total": "Этажность дома: 25",
      "area": 55.1,
      "price_per_sqm": 1630.0,
      "total_price": 93236.0
    },
    {
      "id": "1634",
      "apartment": "Квартира №4",
      "type": "Квартира",
      "quarter": "Квартал — 25 Азия",
      "status": "Статус: Сдано",
      "address": "улица Брилевская, дом 37",
      "location": "Местоположение: Минск Мир, Дом 25.9",
      "house_number": "25.9",
      "house_name": "Мумбаи",
      "floor": "Этаж: 1",
      "floor_total": "Этажность дома: 25",
      "area": 69.4,
      "price_per_sqm": 1580.0,
      "total_price": 112812.0
    },
    {
      "id": "1757",
      "apartment": "Квартира №14",
      "type": "Квартира",
      "quarter": "Квартал — 25 Азия",
      "status": "Статус: Сдано",
      "address": "улица Лейтенанта Кижеватова, дом 1",
      "location": "Местоположение: Минск Мир, Дом 25.8",
      "house_number": "25.8",
      "house_name": "Сингапур",
      "floor": "Этаж: 2",
      "floor_total": "Этажность дома: 16",
      "area": 57.2,
      "price_per_sqm": 1460.0,
      "total_price": 94170.0
    },
    {
      "id": "1758",
      "apartment": "Квартира №9",
      "type": "Квартира",
      "quarter": "Квартал — 25 Азия",
      "status": "Статус: Сдано",
      "address": "улица Лейтенанта Кижеватова, дом 1",
      "location": "Местоположение: Минск Мир, Дом 25.8",
      "house_number": "25.8",
      "house_name": "Сингапур",
      "floor": "Этаж: 1",
      "floor_total": "Этажность дома: 16",
      "area": 42.7,
      "price_per_sqm": 1740.0,
      "total_price": 74298.0
    },
    {
      "id": "1759",
      "apartment": "Квартира №8",
      "type": "Квартира",
      "quarter": "Квартал — 25 Азия",
      "status": "Статус: Сдано",
      "address": "улица Лейтенанта Кижеватова, дом 1",
      "location": "Местоположение: Минск Мир, Дом 25.8",
      "house_number": "25.8",
      "house_name": "Сингапур",
      "floor": "Этаж: 1",
      "floor_total": "Этажность дома: 16",
      "area": 56.9,
      "price_per_sqm": 1690.0,
      "total_price": 96161.0
    },
    {
      "id": "1760",
      "apartment": "Квартира №1",
      "type": "Квартира",
      "quarter": "Квартал — 25 Азия",
      "status": "Статус: Сдано",
      "address": "улица Лейтенанта Кижеватова, дом 1",
      "location": "Местоположение: Минск Мир, Дом 25.8",
      "house_number": "25.8",
      "house_name": "Сингапур",
      "floor": "Этаж: 1",
      "floor_total": "Этажность дома: 16",
      "area": 52.6,
      "price_per_sqm": 1690.0,
      "total_price": 88894.0
    },
    {
      "id": "1761",
      "apartment": "Квартира №10",
      "type": "Квартира",
      "quarter": "Квартал — 25 Азия",
      "status": "Статус: Сдано",
      "address": "улица Лейтенанта Кижеватова, дом 1",
      "location": "Местоположение: Минск Мир, Дом 25.8",
      "house_number": "25.8",
      "house_name": "Сингапур",
      "floor": "Этаж: 1",
      "floor_total": "Этажность дома: 16",
      "area": 38.7,
      "price_per_sqm": 1750.0,
      "total_price": 67725.0
    },
    {
      "id": "3412",
      "apartment": "Квартира №116",
      "type": "Квартира",
      "quarter": "Квартал — 25 Азия",
      "status": "Статус: Сдано",
      "address": "улица Михаила Савицкого, дом 2",
      "location": "Местоположение: Минск Мир, Дом 25.1",
      "house_number": "25.1",
      "house_name": "Сеул",
      "floor": "Этаж: 1",
      "floor_total": "Этажность дома: 15",
      "area": 51.2,
      "price_per_sqm": 1640.0,
      "total_price": 103648.0
    },
    {
      "id": "3413",
      "apartment": "Квартира №12",
      "type": "Квартира",
      "quarter": "Квартал — 25 Азия",
      "status": "Статус: Сдано",
      "address": "улица Брилевская, дом 33",
      "location": "Местоположение: Минск Мир, Дом 25.11",
      "house_number": "25.11",
      "house_name": "Киото",
      "floor": "Этаж: 2",
      "floor_total": "Этажность дома: 25",
      "area": 67.9,
      "price_per_sqm": 1420.0,
      "total_price": 101246.0
    },
    {
      "id": "3414",
      "apartment": "Квартира №13",
      "type": "Квартира",
      "quarter": "Квартал — 25 Азия",
      "status": "Статус: Сдано",
      "address": "улица Брилевская, дом 33",
      "location": "Местоположение: Минск Мир, Дом 25.11",
      "house_number": "25.11",
      "house_name": "Киото",
      "floor": "Этаж: 2",
      "floor_total": "Этажность дома: 25",
      "area": 74.0,
      "price_per_sqm": 1410.0,
      "total_price": 106596.0
    },
    {
      "id": "3415",
      "apartment": "Квартира №14",
      "type": "Квартира",
      "quarter": "Квартал — 25 Азия",
      "status": "Статус: Сдано",
      "address": "улица Брилевская, дом 33",
      "location": "Местоположение: Минск Мир, Дом 25.11",
      "house_number": "25.11",
      "house_name": "Киото",
      "floor": "Этаж: 2",
      "floor_total": "Этажность дома: 25",
      "area": 74.3,
      "price_per_sqm": 1410.0,
      "total_price": 107019.0
    },
    {
      "id": "3419",
      "apartment": "Квартира №3",
      "type": "Квартира",
      "quarter": "Квартал — 25 Азия",
      "status": "Статус: Сдано",
      "address": "улица Михаила Савицкого, дом 8",
      "location": "Местоположение: Минск Мир, Дом 25.3",
      "house_number": "25.3",
      "house_name": "Манила ",
      "floor": "Этаж: 1",
      "floor_total": "Этажность дома: 15",
      "area": 41.7,
      "price_per_sqm": 1710.0,
      "total_price": 84816.0
    },
    {
      "id": "3420",
      "apartment": "Квартира №6",
      "type": "Квартира",
      "quarter": "Квартал — 25 Азия",
      "status": "Статус: Сдано",
      "address": "улица Михаила Савицкого, дом 8",
      "location": "Местоположение: Минск Мир, Дом 25.3",
      "house_number": "25.3",
      "house_name": "Манила ",
      "floor": "Этаж: 1",
      "floor_total": "Этажность дома: 15",
      "area": 56.7,
      "price_per_sqm": 1630.0,
      "total_price": 92421.0
    },
    {
      "id": "3421",
      "apartment": "Квартира №4",
      "type": "Квартира",
      "quarter": "Квартал — 25 Азия",
      "status": "Статус: Сдано",
      "address": "улица Михаила Савицкого, дом 8",
      "location": "Местоположение: Минск Мир, Дом 25.3",
      "house_number": "25.3",
      "house_name": "Манила ",
      "floor": "Этаж: 1",
      "floor_total": "Этажность дома: 15",
      "area": 43.9,
      "price_per_sqm": 1690.0,
      "total_price": 96330.0
    },
    {
      "id": "3422",
      "apartment": "Квартира №5",
      "type": "Квартира",
      "quarter": "Квартал — 25 Азия",
      "status": "Статус: Сдано",
      "address": "улица Михаила Савицкого, дом 8",
      "location": "Местоположение: Минск Мир, Дом 25.3",
      "house_number": "25.3",
      "house_name": "Манила ",
      "floor": "Этаж: 1",
      "floor_total": "Этажность дома: 15",
      "area": 59.0,
      "price_per_sqm": 1650.0,
      "total_price": 117645.0
    },
    {
      "id": "3440",
      "apartment": "Квартира №5",
      "type": "Квартира",
      "quarter": "Квартал — 25 Азия",
      "status": "Статус: Сдано",
      "address": "улица Брилевская, дом 35",
      "location": "Местоположение: Минск Мир, Дом 25.10",
      "house_number": "25.10",
      "house_name": "Сеул",
      "floor": "Этаж: 1",
      "floor_total": "Этажность дома: 15",
      "area": 67.3,
      "price_per_sqm": 1620.0,
      "total_price": 111942.0
    },
    {
      "id": "3441",
      "apartment": "Квартира №4",
      "type": "Квартира",
      "quarter": "Квартал — 25 Азия",
      "status": "Статус: Сдано",
      "address": "улица Брилевская, дом 35",
      "location": "Местоположение: Минск Мир, Дом 25.10",
      "house_number": "25.10",
      "house_name": "Сеул",
      "floor": "Этаж: 1",
      "floor_total": "Этажность дома: 15",
      "area": 67.1,
      "price_per_sqm": 1620.0,
      "total_price": 111618.0
    },
    {
      "id": "3442",
      "apartment": "Квартира №3",
      "type": "Квартира",
      "quarter": "Квартал — 25 Азия",
      "status": "Статус: Сдано",
      "address": "улица Брилевская, дом 35",
      "location": "Местоположение: Минск Мир, Дом 25.10",
      "house_number": "25.10",
      "house_name": "Сеул",
      "floor": "Этаж: 1",
      "floor_total": "Этажность дома: 15",
      "area": 53.7,
      "price_per_sqm": 1630.0,
      "total_price": 90465.0
    },
    {
      "id": "3730",
      "apartment": "Квартира №10",
      "type": "Квартира",
      "quarter": "Квартал — 25 Азия",
      "status": "Статус: Сдано",
      "address": "улица Лейтенанта Кижеватова, дом 1А",
      "location": "Местоположение: Минск Мир, Дом 25.7",
      "house_number": "25.7",
      "house_name": "Нью-Дели",
      "floor": "Этаж: 1",
      "floor_total": "Этажность дома: 16",
      "area": 38.8,
      "price_per_sqm": 1750.0,
      "total_price": 67900.0
    },
    {
      "id": "4191",
      "apartment": "Квартира №215",
      "type": "Квартира",
      "quarter": "Квартал — 25 Азия",
      "status": "Статус: Сдано",
      "address": "улица Михаила Савицкого, дом 2",
      "location": "Местоположение: Минск Мир, Дом 25.1",
      "house_number": "25.1",
      "house_name": "Сеул",
      "floor": "Этаж: 1",
      "floor_total": "Этажность дома: 15",
      "area": 41.6,
      "price_per_sqm": 1700.0,
      "total_price": 91120.0
    },
    {
      "id": "4192",
      "apartment": "Квартира №216",
      "type": "Квартира",
      "quarter": "Квартал — 25 Азия",
      "status": "Статус: Сдано",
      "address": "улица Михаила Савицкого, дом 2",
      "location": "Местоположение: Минск Мир, Дом 25.1",
      "house_number": "25.1",
      "house_name": "Сеул",
      "floor": "Этаж: 1",
      "floor_total": "Этажность дома: 15",
      "area": 41.6,
      "price_per_sqm": 1700.0,
      "total_price": 91290.0
    }
  ],
  "statistics": {
    "min_price": 67725.0,
    "max_price": 118140.0,
    "avg_price": 97160.67857142857,
    "min_area": 38.7,
    "max_area": 74.3,
    "available_count": 0
  }
}