{
  "version": "1.0",
  "quarter": "26-Африка",
  "updated_at": "2025-09-22T17:42:35.881354",
  "total_apartments": 8,
  "apartments": [
    {
      "id": "32",
      "apartment": "Квартира №10",
      "type": "Квартира",
      "quarter": "Квартал — 26 Африка",
      "status": "Статус: Сдано",
      "address": "улица Леонида Левина, дом 2",
      "location": "Местоположение: Минск Мир, Дом 26.4",
      "house_number": "26.4",
      "house_name": "Марракеш",
      "floor": "Этаж: 1",
      "floor_total": "Этажность дома: 16",
      "area": 52.8,
      "price_per_sqm": 1690.0,
      "total_price": 89232.0
    },
    {
      "id": "33",
      "apartment": "Квартира №1",
      "type": "Квартира",
      "quarter": "Квартал — 26 Африка",
      "status": "Статус: Сдано",
      "address": "улица Леонида Левина, дом 2",
      "location": "Местоположение: Минск Мир, Дом 26.4",
      "house_number": "26.4",
      "house_name": "Марракеш",
      "floor": "Этаж: 1",
      "floor_total": "Этажность дома: 16",
      "area": 37.9,
      "price_per_sqm": 1750.0,
      "total_price": 66325.0
    },
    {
      "id": "34",
      "apartment": "Квартира №2",
      "type": "Квартира",
      "quarter": "Квартал — 26 Африка",
      "status": "Статус: Сдано",
      "address": "улица Леонида Левина, дом 2",
      "location": "Местоположение: Минск Мир, Дом 26.4",
      "house_number": "26.4",
      "house_name": "Марракеш",
      "floor": "Этаж: 1",
      "floor_total": "Этажность дома: 16",
      "area": 42.1,
      "price_per_sqm": 1740.0,
      "total_price": 73254.0
    },
    {
      "id": "1559",
      "apartment": "Квартира №5",
      "type": "Квартира",
      "quarter": "Квартал — 26 Африка",
      "status": "Статус: Сдано",
      "address": "улица Михаила Савицкого, дом 3",
      "location": "Местоположение: Минск Мир, Дом 26.6",
      "house_number": "26.6",
      "house_name": "Александрия",
      "floor": "Этаж: 1",
      "floor_total": "Этажность дома: 24",
      "area": 69.9,
      "price_per_sqm": 1640.0,
      "total_price": 121688.0
    },
    {
      "id": "1756",
      "apartment": "Квартира №148",
      "type": "Квартира",
      "quarter": "Квартал — 26 Африка",
      "status": "Статус: Сдано",
      "address": "улица Михаила Савицкого, дом 1",
      "location": "Местоположение: Минск Мир, Дом 26.1",
      "house_number": "26.1",
      "house_name": "Каир",
      "floor": "Этаж: 1",
      "floor_total": "Этажность дома: 16,17",
      "area": 42.4,
      "price_per_sqm": 1710.0,
      "total_price": 83961.0
    },
    {
      "id": "1970",
      "apartment": "Квартира №2",
      "type": "Квартира",
      "quarter": "Квартал — 26 Африка",
      "status": "Статус: Сдано",
      "address": "улица Николы Теслы, дом 4",
      "location": "Местоположение: Минск Мир, Дом 26.5",
      "house_number": "26.5",
      "house_name": "Найроби",
      "floor": "Этаж: 1",
      "floor_total": "Этажность дома: 18",
      "area": 79.7,
      "price_per_sqm": 1640.0,
      "total_price": 146944.0
    },
    {
      "id": "2229",
      "apartment": "Квартира №2",
      "type": "Квартира",
      "quarter": "Квартал — 26 Африка",
      "status": "Статус: Сдано",
      "address": "улица Михаила Савицкого, дом 1",
      "location": "Местоположение: Минск Мир, Дом 26.1",
      "house_number": "26.1",
      "house_name": "Каир",
      "floor": "Этаж: 1",
      "floor_total": "Этажность дома: 16,17",
      "area": 84.0,
      "price_per_sqm": 1640.0,
      "total_price": 153668.0
    },
    {
      "id": "3450",
      "apartment": "Квартира №2",
      "type": "Квартира",
      "quarter": "Квартал — 26 Африка",
      "status": "Статус: Сдано",
      "address": "улица Николы Теслы, дом 6",
      "location": "Местоположение: Минск Мир, Дом 26.2",
      "house_number": "26.2",
      "house_name": "Кейптаун",
      "floor": "Этаж: 1",
      "floor_total": "Этажность дома: 18",
      "area": 60.1,
      "price_per_sqm": 1670.0,
      "total_price": 105711.0
    }
  ],
  "statistics": {
    "min_price": 66325.0,
    "max_price": 153668.0,
    "avg_price": 105097.875,
    "min_area": 37.9,
    "max_area": 84.0,
    "available_count": 0
  }
}