{
  "version": "1.0",
  "quarter": "27-Happy-Planet",
  "updated_at": "2025-09-22T17:42:35.881654",
  "total_apartments": 110,
  "apartments": [
    {
      "id": "35",
      "apartment": "Квартира №11",
      "type": "Квартира",
      "quarter": "Квартал — 27 Happy Planet",
      "status": "Статус: Сдано",
      "address": "улица Игоря Лученка, дом 2",
      "location": "Местоположение: Минск Мир, Дом 27.3",
      "house_number": "27.3",
      "house_name": "Hyde Park",
      "floor": "Этаж: 3",
      "floor_total": "Этажность дома: 21",
      "area": 63.9,
      "price_per_sqm": 1550.0,
      "total_price": 102145.0
    },
    {
      "id": "36",
      "apartment": "Квартира №110",
      "type": "Квартира",
      "quarter": "Квартал — 27 Happy Planet",
      "status": "Статус: Сдано",
      "address": "улица Игоря Лученка, дом 2",
      "location": "Местоположение: Минск Мир, Дом 27.3",
      "house_number": "27.3",
      "house_name": "Hyde Park",
      "floor": "Этаж: 12",
      "floor_total": "Этажность дома: 21",
      "area": 63.3,
      "price_per_sqm": 1550.0,
      "total_price": 101215.0
    },
    {
      "id": "37",
      "apartment": "Квартира №40",
      "type": "Квартира",
      "quarter": "Квартал — 27 Happy Planet",
      "status": "Статус: Сдано",
      "address": "улица Игоря Лученка, дом 2",
      "location": "Местоположение: Минск Мир, Дом 27.3",
      "house_number": "27.3",
      "house_name": "Hyde Park",
      "floor": "Этаж: 5",
      "floor_total": "Этажность дома: 21",
      "area": 63.8,
      "price_per_sqm": 1550.0,
      "total_price": 101990.0
    },
    {
      "id": "38",
      "apartment": "Квартира №130",
      "type": "Квартира",
      "quarter": "Квартал — 27 Happy Planet",
      "status": "Статус: Сдано",
      "address": "улица Игоря Лученка, дом 2",
      "location": "Местоположение: Минск Мир, Дом 27.3",
      "house_number": "27.3",
      "house_name": "Hyde Park",
      "floor": "Этаж: 14",
      "floor_total": "Этажность дома: 21",
      "area": 63.5,
      "price_per_sqm": 1550.0,
      "total_price": 101525.0
    },
    {
      "id": "39",
      "apartment": "Квартира №20",
      "type": "Квартира",
      "quarter": "Квартал — 27 Happy Planet",
      "status": "Статус: Сдано",
      "address": "улица Игоря Лученка, дом 2",
      "location": "Местоположение: Минск Мир, Дом 27.3",
      "house_number": "27.3",
      "house_name": "Hyde Park",
      "floor": "Этаж: 3",
      "floor_total": "Этажность дома: 21",
      "area": 63.5,
      "price_per_sqm": 1550.0,
      "total_price": 101525.0
    },
    {
      "id": "40",
      "apartment": "Квартира №70",
      "type": "Квартира",
      "quarter": "Квартал — 27 Happy Planet",
      "status": "Статус: Сдано",
      "address": "улица Игоря Лученка, дом 2",
      "location": "Местоположение: Минск Мир, Дом 27.3",
      "house_number": "27.3",
      "house_name": "Hyde Park",
      "floor": "Этаж: 8",
      "floor_total": "Этажность дома: 21",
      "area": 64.1,
      "price_per_sqm": 1550.0,
      "total_price": 102300.0
    },
    {
      "id": "41",
      "apartment": "Квартира №30",
      "type": "Квартира",
      "quarter": "Квартал — 27 Happy Planet",
      "status": "Статус: Сдано",
      "address": "улица Игоря Лученка, дом 2",
      "location": "Местоположение: Минск Мир, Дом 27.3",
      "house_number": "27.3",
      "house_name": "Hyde Park",
      "floor": "Этаж: 4",
      "floor_total": "Этажность дома: 21",
      "area": 63.8,
      "price_per_sqm": 1550.0,
      "total_price": 101990.0
    },
    {
      "id": "107",
      "apartment": "Квартира №1",
      "type": "Квартира",
      "quarter": "Квартал — 27 Happy Planet",
      "status": "Статус: Сдано",
      "address": "улица Игоря Лученка, дом 2",
      "location": "Местоположение: Минск Мир, Дом 27.3",
      "house_number": "27.3",
      "house_name": "Hyde Park",
      "floor": "Этаж: 2",
      "floor_total": "Этажность дома: 21",
      "area": 63.3,
      "price_per_sqm": 1540.0,
      "total_price": 100408.0
    },
    {
      "id": "108",
      "apartment": "Квартира №90",
      "type": "Квартира",
      "quarter": "Квартал — 27 Happy Planet",
      "status": "Статус: Сдано",
      "address": "улица Игоря Лученка, дом 2",
      "location": "Местоположение: Минск Мир, Дом 27.3",
      "house_number": "27.3",
      "house_name": "Hyde Park",
      "floor": "Этаж: 10",
      "floor_total": "Этажность дома: 21",
      "area": 63.7,
      "price_per_sqm": 1550.0,
      "total_price": 101835.0
    },
    {
      "id": "109",
      "apartment": "Квартира №31",
      "type": "Квартира",
      "quarter": "Квартал — 27 Happy Planet",
      "status": "Статус: Сдано",
      "address": "улица Игоря Лученка, дом 2",
      "location": "Местоположение: Минск Мир, Дом 27.3",
      "house_number": "27.3",
      "house_name": "Hyde Park",
      "floor": "Этаж: 5",
      "floor_total": "Этажность дома: 21",
      "area": 64.0,
      "price_per_sqm": 1550.0,
      "total_price": 102300.0
    },
    {
      "id": "110",
      "apartment": "Квартира №80",
      "type": "Квартира",
      "quarter": "Квартал — 27 Happy Planet",
      "status": "Статус: Сдано",
      "address": "улица Игоря Лученка, дом 2",
      "location": "Местоположение: Минск Мир, Дом 27.3",
      "house_number": "27.3",
      "house_name": "Hyde Park",
      "floor": "Этаж: 9",
      "floor_total": "Этажность дома: 21",
      "area": 63.6,
      "price_per_sqm": 1550.0,
      "total_price": 101680.0
    },
    {
      "id": "111",
      "apartment": "Квартира №100",
      "type": "Квартира",
      "quarter": "Квартал — 27 Happy Planet",
      "status": "Статус: Сдано",
      "address": "улица Игоря Лученка, дом 2",
      "location": "Местоположение: Минск Мир, Дом 27.3",
      "house_number": "27.3",
      "house_name": "Hyde Park",
      "floor": "Этаж: 11",
      "floor_total": "Этажность дома: 21",
      "area": 63.9,
      "price_per_sqm": 1550.0,
      "total_price": 101990.0
    },
    {
      "id": "112",
      "apartment": "Квартира №10",
      "type": "Квартира",
      "quarter": "Квартал — 27 Happy Planet",
      "status": "Статус: Сдано",
      "address": "улица Игоря Лученка, дом 2",
      "location": "Местоположение: Минск Мир, Дом 27.3",
      "house_number": "27.3",
      "house_name": "Hyde Park",
      "floor": "Этаж: 2",
      "floor_total": "Этажность дома: 21",
      "area": 63.6,
      "price_per_sqm": 1540.0,
      "total_price": 100870.0
    },
    {
      "id": "113",
      "apartment": "Квартира №120",
      "type": "Квартира",
      "quarter": "Квартал — 27 Happy Planet",
      "status": "Статус: Сдано",
      "address": "улица Игоря Лученка, дом 2",
      "location": "Местоположение: Минск Мир, Дом 27.3",
      "house_number": "27.3",
      "house_name": "Hyde Park",
      "floor": "Этаж: 13",
      "floor_total": "Этажность дома: 21",
      "area": 63.5,
      "price_per_sqm": 1550.0,
      "total_price": 101525.0
    },
    {
      "id": "647",
      "apartment": "Квартира №9",
      "type": "Квартира",
      "quarter": "Квартал — 27 Happy Planet",
      "status": "Статус: Сдано",
      "address": "улица Игоря Лученка, дом 8",
      "location": "Местоположение: Минск Мир, Дом 27.4",
      "house_number": "27.4",
      "house_name": "Yoyougi Park",
      "floor": "Этаж: 2",
      "floor_total": "Этажность дома: 25",
      "area": 69.8,
      "price_per_sqm": 1540.0,
      "total_price": 116732.0
    },
    {
      "id": "674",
      "apartment": "Квартира №4",
      "type": "Квартира",
      "quarter": "Квартал — 27 Happy Planet",
      "status": "Статус: Сдано",
      "address": "улица Игоря Лученка, дом 8",
      "location": "Местоположение: Минск Мир, Дом 27.4",
      "house_number": "27.4",
      "house_name": "Yoyougi Park",
      "floor": "Этаж: 2",
      "floor_total": "Этажность дома: 25",
      "area": 57.3,
      "price_per_sqm": 1560.0,
      "total_price": 98124.0
    },
    {
      "id": "675",
      "apartment": "Квартира №2",
      "type": "Квартира",
      "quarter": "Квартал — 27 Happy Planet",
      "status": "Статус: Сдано",
      "address": "улица Игоря Лученка, дом 8",
      "location": "Местоположение: Минск Мир, Дом 27.4",
      "house_number": "27.4",
      "house_name": "Yoyougi Park",
      "floor": "Этаж: 2",
      "floor_total": "Этажность дома: 25",
      "area": 57.2,
      "price_per_sqm": 1580.0,
      "total_price": 91324.0
    },
    {
      "id": "793",
      "apartment": "Квартира №20",
      "type": "Квартира",
      "quarter": "Квартал — 27 Happy Planet",
      "status": "Статус: Сдано",
      "address": "улица Леонида Левина, дом 1",
      "location": "Местоположение: Минск Мир, Дом 27.2",
      "house_number": "27.2",
      "house_name": "Central Park",
      "floor": "Этаж: 3",
      "floor_total": "Этажность дома: 21",
      "area": 63.4,
      "price_per_sqm": 1550.0,
      "total_price": 101215.0
    },
    {
      "id": "794",
      "apartment": "Квартира №31",
      "type": "Квартира",
      "quarter": "Квартал — 27 Happy Planet",
      "status": "Статус: Сдано",
      "address": "улица Леонида Левина, дом 1",
      "location": "Местоположение: Минск Мир, Дом 27.2",
      "house_number": "27.2",
      "house_name": "Central Park",
      "floor": "Этаж: 5",
      "floor_total": "Этажность дома: 21",
      "area": 63.5,
      "price_per_sqm": 1550.0,
      "total_price": 101525.0
    },
    {
      "id": "795",
      "apartment": "Квартира №80",
      "type": "Квартира",
      "quarter": "Квартал — 27 Happy Planet",
      "status": "Статус: Сдано",
      "address": "улица Леонида Левина, дом 1",
      "location": "Местоположение: Минск Мир, Дом 27.2",
      "house_number": "27.2",
      "house_name": "Central Park",
      "floor": "Этаж: 9",
      "floor_total": "Этажность дома: 21",
      "area": 63.7,
      "price_per_sqm": 1550.0,
      "total_price": 101835.0
    },
    {
      "id": "796",
      "apartment": "Квартира №90",
      "type": "Квартира",
      "quarter": "Квартал — 27 Happy Planet",
      "status": "Статус: Сдано",
      "address": "улица Леонида Левина, дом 1",
      "location": "Местоположение: Минск Мир, Дом 27.2",
      "house_number": "27.2",
      "house_name": "Central Park",
      "floor": "Этаж: 10",
      "floor_total": "Этажность дома: 21",
      "area": 63.9,
      "price_per_sqm": 1550.0,
      "total_price": 102145.0
    },
    {
      "id": "797",
      "apartment": "Квартира №1",
      "type": "Квартира",
      "quarter": "Квартал — 27 Happy Planet",
      "status": "Статус: Сдано",
      "address": "улица Леонида Левина, дом 1",
      "location": "Местоположение: Минск Мир, Дом 27.2",
      "house_number": "27.2",
      "house_name": "Central Park",
      "floor": "Этаж: 2",
      "floor_total": "Этажность дома: 21",
      "area": 63.6,
      "price_per_sqm": 1540.0,
      "total_price": 100870.0
    },
    {
      "id": "798",
      "apartment": "Квартира №40",
      "type": "Квартира",
      "quarter": "Квартал — 27 Happy Planet",
      "status": "Статус: Сдано",
      "address": "улица Леонида Левина, дом 1",
      "location": "Местоположение: Минск Мир, Дом 27.2",
      "house_number": "27.2",
      "house_name": "Central Park",
      "floor": "Этаж: 5",
      "floor_total": "Этажность дома: 21",
      "area": 63.6,
      "price_per_sqm": 1550.0,
      "total_price": 101680.0
    },
    {
      "id": "799",
      "apartment": "Квартира №51",
      "type": "Квартира",
      "quarter": "Квартал — 27 Happy Planet",
      "status": "Статус: Сдано",
      "address": "улица Леонида Левина, дом 1",
      "location": "Местоположение: Минск Мир, Дом 27.2",
      "house_number": "27.2",
      "house_name": "Central Park",
      "floor": "Этаж: 7",
      "floor_total": "Этажность дома: 21",
      "area": 63.2,
      "price_per_sqm": 1550.0,
      "total_price": 101060.0
    },
    {
      "id": "823",
      "apartment": "Квартира №50",
      "type": "Квартира",
      "quarter": "Квартал — 27 Happy Planet",
      "status": "Статус: Сдано",
      "address": "улица Леонида Левина, дом 1",
      "location": "Местоположение: Минск Мир, Дом 27.2",
      "house_number": "27.2",
      "house_name": "Central Park",
      "floor": "Этаж: 6",
      "floor_total": "Этажность дома: 21",
      "area": 63.5,
      "price_per_sqm": 1550.0,
      "total_price": 101525.0
    },
    {
      "id": "824",
      "apartment": "Квартира №11",
      "type": "Квартира",
      "quarter": "Квартал — 27 Happy Planet",
      "status": "Статус: Сдано",
      "address": "улица Леонида Левина, дом 1",
      "location": "Местоположение: Минск Мир, Дом 27.2",
      "house_number": "27.2",
      "house_name": "Central Park",
      "floor": "Этаж: 3",
      "floor_total": "Этажность дома: 21",
      "area": 63.6,
      "price_per_sqm": 1550.0,
      "total_price": 101680.0
    },
    {
      "id": "825",
      "apartment": "Квартира №101",
      "type": "Квартира",
      "quarter": "Квартал — 27 Happy Planet",
      "status": "Статус: Сдано",
      "address": "улица Леонида Левина, дом 1",
      "location": "Местоположение: Минск Мир, Дом 27.2",
      "house_number": "27.2",
      "house_name": "Central Park",
      "floor": "Этаж: 12",
      "floor_total": "Этажность дома: 21",
      "area": 63.3,
      "price_per_sqm": 1550.0,
      "total_price": 101215.0
    },
    {
      "id": "826",
      "apartment": "Квартира №60",
      "type": "Квартира",
      "quarter": "Квартал — 27 Happy Planet",
      "status": "Статус: Сдано",
      "address": "улица Леонида Левина, дом 1",
      "location": "Местоположение: Минск Мир, Дом 27.2",
      "house_number": "27.2",
      "house_name": "Central Park",
      "floor": "Этаж: 7",
      "floor_total": "Этажность дома: 21",
      "area": 64.1,
      "price_per_sqm": 1550.0,
      "total_price": 102300.0
    },
    {
      "id": "827",
      "apartment": "Квартира №91",
      "type": "Квартира",
      "quarter": "Квартал — 27 Happy Planet",
      "status": "Статус: Сдано",
      "address": "улица Леонида Левина, дом 1",
      "location": "Местоположение: Минск Мир, Дом 27.2",
      "house_number": "27.2",
      "house_name": "Central Park",
      "floor": "Этаж: 11",
      "floor_total": "Этажность дома: 21",
      "area": 63.5,
      "price_per_sqm": 1550.0,
      "total_price": 101525.0
    },
    {
      "id": "828",
      "apartment": "Квартира №81",
      "type": "Квартира",
      "quarter": "Квартал — 27 Happy Planet",
      "status": "Статус: Сдано",
      "address": "улица Леонида Левина, дом 1",
      "location": "Местоположение: Минск Мир, Дом 27.2",
      "house_number": "27.2",
      "house_name": "Central Park",
      "floor": "Этаж: 10",
      "floor_total": "Этажность дома: 21",
      "area": 64.0,
      "price_per_sqm": 1550.0,
      "total_price": 102300.0
    },
    {
      "id": "829",
      "apartment": "Квартира №41",
      "type": "Квартира",
      "quarter": "Квартал — 27 Happy Planet",
      "status": "Статус: Сдано",
      "address": "улица Леонида Левина, дом 1",
      "location": "Местоположение: Минск Мир, Дом 27.2",
      "house_number": "27.2",
      "house_name": "Central Park",
      "floor": "Этаж: 6",
      "floor_total": "Этажность дома: 21",
      "area": 63.7,
      "price_per_sqm": 1550.0,
      "total_price": 101835.0
    },
    {
      "id": "830",
      "apartment": "Квартира №71",
      "type": "Квартира",
      "quarter": "Квартал — 27 Happy Planet",
      "status": "Статус: Сдано",
      "address": "улица Леонида Левина, дом 1",
      "location": "Местоположение: Минск Мир, Дом 27.2",
      "house_number": "27.2",
      "house_name": "Central Park",
      "floor": "Этаж: 9",
      "floor_total": "Этажность дома: 21",
      "area": 63.8,
      "price_per_sqm": 1550.0,
      "total_price": 101990.0
    },
    {
      "id": "831",
      "apartment": "Квартира №70",
      "type": "Квартира",
      "quarter": "Квартал — 27 Happy Planet",
      "status": "Статус: Сдано",
      "address": "улица Леонида Левина, дом 1",
      "location": "Местоположение: Минск Мир, Дом 27.2",
      "house_number": "27.2",
      "house_name": "Central Park",
      "floor": "Этаж: 8",
      "floor_total": "Этажность дома: 21",
      "area": 63.3,
      "price_per_sqm": 1550.0,
      "total_price": 101215.0
    },
    {
      "id": "832",
      "apartment": "Квартира №21",
      "type": "Квартира",
      "quarter": "Квартал — 27 Happy Planet",
      "status": "Статус: Сдано",
      "address": "улица Леонида Левина, дом 1",
      "location": "Местоположение: Минск Мир, Дом 27.2",
      "house_number": "27.2",
      "house_name": "Central Park",
      "floor": "Этаж: 4",
      "floor_total": "Этажность дома: 21",
      "area": 63.6,
      "price_per_sqm": 1550.0,
      "total_price": 101680.0
    },
    {
      "id": "984",
      "apartment": "Квартира №30",
      "type": "Квартира",
      "quarter": "Квартал — 27 Happy Planet",
      "status": "Статус: Сдано",
      "address": "улица Леонида Левина, дом 1",
      "location": "Местоположение: Минск Мир, Дом 27.2",
      "house_number": "27.2",
      "house_name": "Central Park",
      "floor": "Этаж: 4",
      "floor_total": "Этажность дома: 21",
      "area": 63.7,
      "price_per_sqm": 1550.0,
      "total_price": 101680.0
    },
    {
      "id": "985",
      "apartment": "Квартира №10",
      "type": "Квартира",
      "quarter": "Квартал — 27 Happy Planet",
      "status": "Статус: Сдано",
      "address": "улица Леонида Левина, дом 1",
      "location": "Местоположение: Минск Мир, Дом 27.2",
      "house_number": "27.2",
      "house_name": "Central Park",
      "floor": "Этаж: 2",
      "floor_total": "Этажность дома: 21",
      "area": 63.0,
      "price_per_sqm": 1540.0,
      "total_price": 100100.0
    },
    {
      "id": "986",
      "apartment": "Квартира №61",
      "type": "Квартира",
      "quarter": "Квартал — 27 Happy Planet",
      "status": "Статус: Сдано",
      "address": "улица Леонида Левина, дом 1",
      "location": "Местоположение: Минск Мир, Дом 27.2",
      "house_number": "27.2",
      "house_name": "Central Park",
      "floor": "Этаж: 8",
      "floor_total": "Этажность дома: 21",
      "area": 63.8,
      "price_per_sqm": 1550.0,
      "total_price": 101990.0
    },
    {
      "id": "1764",
      "apartment": "Квартира №7",
      "type": "Квартира",
      "quarter": "Квартал — 27 Happy Planet",
      "status": "Статус: Сдано",
      "address": "улица Леонида Левина, дом 3",
      "location": "Местоположение: Минск Мир, Дом 27.5",
      "house_number": "27.5",
      "house_name": "Калемегда́н ",
      "floor": "Этаж: 2",
      "floor_total": "Этажность дома: 8",
      "area": 46.8,
      "price_per_sqm": 2540.0,
      "total_price": 123444.0
    },
    {
      "id": "1789",
      "apartment": "Квартира №8",
      "type": "Квартира",
      "quarter": "Квартал — 27 Happy Planet",
      "status": "Статус: Сдано",
      "address": "улица Леонида Левина, дом 3",
      "location": "Местоположение: Минск Мир, Дом 27.5",
      "house_number": "27.5",
      "house_name": "Калемегда́н ",
      "floor": "Этаж: 2",
      "floor_total": "Этажность дома: 8",
      "area": 46.8,
      "price_per_sqm": 2540.0,
      "total_price": 123698.0
    },
    {
      "id": "1790",
      "apartment": "Пентхаус №67",
      "type": "Пентхаус",
      "quarter": "Квартал — 27 Happy Planet",
      "status": "Статус: Сдано",
      "address": "улица Леонида Левина, дом 3",
      "location": "Местоположение: Минск Мир, Дом 27.5",
      "house_number": "27.5",
      "house_name": "Калемегда́н ",
      "floor": "Этаж: 8",
      "floor_total": "Этажность дома: 8",
      "area": 59.6,
      "price_per_sqm": 2380.0,
      "total_price": 146370.0
    },
    {
      "id": "1791",
      "apartment": "Квартира №48",
      "type": "Квартира",
      "quarter": "Квартал — 27 Happy Planet",
      "status": "Статус: Сдано",
      "address": "улица Леонида Левина, дом 3",
      "location": "Местоположение: Минск Мир, Дом 27.5",
      "house_number": "27.5",
      "house_name": "Калемегда́н ",
      "floor": "Этаж: 6",
      "floor_total": "Этажность дома: 8",
      "area": 46.7,
      "price_per_sqm": 2540.0,
      "total_price": 123444.0
    },
    {
      "id": "1792",
      "apartment": "Квартира №42",
      "type": "Квартира",
      "quarter": "Квартал — 27 Happy Planet",
      "status": "Статус: Сдано",
      "address": "улица Леонида Левина, дом 3",
      "location": "Местоположение: Минск Мир, Дом 27.5",
      "house_number": "27.5",
      "house_name": "Калемегда́н ",
      "floor": "Этаж: 5",
      "floor_total": "Этажность дома: 8",
      "area": 46.6,
      "price_per_sqm": 2540.0,
      "total_price": 123190.0
    },
    {
      "id": "1793",
      "apartment": "Квартира №41",
      "type": "Квартира",
      "quarter": "Квартал — 27 Happy Planet",
      "status": "Статус: Сдано",
      "address": "улица Леонида Левина, дом 3",
      "location": "Местоположение: Минск Мир, Дом 27.5",
      "house_number": "27.5",
      "house_name": "Калемегда́н ",
      "floor": "Этаж: 5",
      "floor_total": "Этажность дома: 8",
      "area": 46.6,
      "price_per_sqm": 2540.0,
      "total_price": 123190.0
    },
    {
      "id": "1794",
      "apartment": "Пентхаус №72",
      "type": "Пентхаус",
      "quarter": "Квартал — 27 Happy Planet",
      "status": "Статус: Сдано",
      "address": "улица Леонида Левина, дом 3",
      "location": "Местоположение: Минск Мир, Дом 27.5",
      "house_number": "27.5",
      "house_name": "Калемегда́н ",
      "floor": "Этаж: 8",
      "floor_total": "Этажность дома: 8",
      "area": 50.5,
      "price_per_sqm": 2470.0,
      "total_price": 131157.0
    },
    {
      "id": "1795",
      "apartment": "Квартира №52",
      "type": "Квартира",
      "quarter": "Квартал — 27 Happy Planet",
      "status": "Статус: Сдано",
      "address": "улица Леонида Левина, дом 3",
      "location": "Местоположение: Минск Мир, Дом 27.5",
      "house_number": "27.5",
      "house_name": "Калемегда́н ",
      "floor": "Этаж: 6",
      "floor_total": "Этажность дома: 8",
      "area": 46.8,
      "price_per_sqm": 2540.0,
      "total_price": 123698.0
    },
    {
      "id": "1796",
      "apartment": "Квартира №20",
      "type": "Квартира",
      "quarter": "Квартал — 27 Happy Planet",
      "status": "Статус: Сдано",
      "address": "улица Леонида Левина, дом 3",
      "location": "Местоположение: Минск Мир, Дом 27.5",
      "house_number": "27.5",
      "house_name": "Калемегда́н ",
      "floor": "Этаж: 3",
      "floor_total": "Этажность дома: 8",
      "area": 46.5,
      "price_per_sqm": 2540.0,
      "total_price": 122936.0
    },
    {
      "id": "1797",
      "apartment": "Квартира №26",
      "type": "Квартира",
      "quarter": "Квартал — 27 Happy Planet",
      "status": "Статус: Сдано",
      "address": "улица Леонида Левина, дом 3",
      "location": "Местоположение: Минск Мир, Дом 27.5",
      "house_number": "27.5",
      "house_name": "Калемегда́н ",
      "floor": "Этаж: 4",
      "floor_total": "Этажность дома: 8",
      "area": 46.7,
      "price_per_sqm": 2540.0,
      "total_price": 123444.0
    },
    {
      "id": "1798",
      "apartment": "Квартира №19",
      "type": "Квартира",
      "quarter": "Квартал — 27 Happy Planet",
      "status": "Статус: Сдано",
      "address": "улица Леонида Левина, дом 3",
      "location": "Местоположение: Минск Мир, Дом 27.5",
      "house_number": "27.5",
      "house_name": "Калемегда́н ",
      "floor": "Этаж: 3",
      "floor_total": "Этажность дома: 8",
      "area": 46.6,
      "price_per_sqm": 2540.0,
      "total_price": 123190.0
    },
    {
      "id": "1810",
      "apartment": "Квартира №18",
      "type": "Квартира",
      "quarter": "Квартал — 27 Happy Planet",
      "status": "Статус: Сдано",
      "address": "улица Леонида Левина, дом 3",
      "location": "Местоположение: Минск Мир, Дом 27.5",
      "house_number": "27.5",
      "house_name": "Калемегда́н ",
      "floor": "Этаж: 3",
      "floor_total": "Этажность дома: 8",
      "area": 46.3,
      "price_per_sqm": 2540.0,
      "total_price": 122174.0
    },
    {
      "id": "1811",
      "apartment": "Квартира №14",
      "type": "Квартира",
      "quarter": "Квартал — 27 Happy Planet",
      "status": "Статус: Сдано",
      "address": "улица Леонида Левина, дом 3",
      "location": "Местоположение: Минск Мир, Дом 27.5",
      "house_number": "27.5",
      "house_name": "Калемегда́н ",
      "floor": "Этаж: 3",
      "floor_total": "Этажность дома: 8",
      "area": 46.6,
      "price_per_sqm": 2540.0,
      "total_price": 123190.0
    },
    {
      "id": "1812",
      "apartment": "Квартира №56",
      "type": "Квартира",
      "quarter": "Квартал — 27 Happy Planet",
      "status": "Статус: Сдано",
      "address": "улица Леонида Левина, дом 3",
      "location": "Местоположение: Минск Мир, Дом 27.5",
      "house_number": "27.5",
      "house_name": "Калемегда́н ",
      "floor": "Этаж: 7",
      "floor_total": "Этажность дома: 8",
      "area": 59.6,
      "price_per_sqm": 2380.0,
      "total_price": 146370.0
    },
    {
      "id": "1813",
      "apartment": "Квартира №58",
      "type": "Квартира",
      "quarter": "Квартал — 27 Happy Planet",
      "status": "Статус: Сдано",
      "address": "улица Леонида Левина, дом 3",
      "location": "Местоположение: Минск Мир, Дом 27.5",
      "house_number": "27.5",
      "house_name": "Калемегда́н ",
      "floor": "Этаж: 7",
      "floor_total": "Этажность дома: 8",
      "area": 46.7,
      "price_per_sqm": 2540.0,
      "total_price": 123444.0
    },
    {
      "id": "1814",
      "apartment": "Квартира №47",
      "type": "Квартира",
      "quarter": "Квартал — 27 Happy Planet",
      "status": "Статус: Сдано",
      "address": "улица Леонида Левина, дом 3",
      "location": "Местоположение: Минск Мир, Дом 27.5",
      "house_number": "27.5",
      "house_name": "Калемегда́н ",
      "floor": "Этаж: 6",
      "floor_total": "Этажность дома: 8",
      "area": 46.7,
      "price_per_sqm": 2540.0,
      "total_price": 123444.0
    },
    {
      "id": "1815",
      "apartment": "Квартира №30",
      "type": "Квартира",
      "quarter": "Квартал — 27 Happy Planet",
      "status": "Статус: Сдано",
      "address": "улица Леонида Левина, дом 3",
      "location": "Местоположение: Минск Мир, Дом 27.5",
      "house_number": "27.5",
      "house_name": "Калемегда́н ",
      "floor": "Этаж: 4",
      "floor_total": "Этажность дома: 8",
      "area": 46.8,
      "price_per_sqm": 2540.0,
      "total_price": 123698.0
    },
    {
      "id": "1816",
      "apartment": "Квартира №50",
      "type": "Квартира",
      "quarter": "Квартал — 27 Happy Planet",
      "status": "Статус: Сдано",
      "address": "улица Леонида Левина, дом 3",
      "location": "Местоположение: Минск Мир, Дом 27.5",
      "house_number": "27.5",
      "house_name": "Калемегда́н ",
      "floor": "Этаж: 6",
      "floor_total": "Этажность дома: 8",
      "area": 50.4,
      "price_per_sqm": 2470.0,
      "total_price": 130663.0
    },
    {
      "id": "1817",
      "apartment": "Квартира №54",
      "type": "Квартира",
      "quarter": "Квартал — 27 Happy Planet",
      "status": "Статус: Сдано",
      "address": "улица Леонида Левина, дом 3",
      "location": "Местоположение: Минск Мир, Дом 27.5",
      "house_number": "27.5",
      "house_name": "Калемегда́н ",
      "floor": "Этаж: 6",
      "floor_total": "Этажность дома: 8",
      "area": 46.7,
      "price_per_sqm": 2540.0,
      "total_price": 123952.0
    },
    {
      "id": "1818",
      "apartment": "Квартира №24",
      "type": "Квартира",
      "quarter": "Квартал — 27 Happy Planet",
      "status": "Статус: Сдано",
      "address": "улица Леонида Левина, дом 3",
      "location": "Местоположение: Минск Мир, Дом 27.5",
      "house_number": "27.5",
      "house_name": "Калемегда́н ",
      "floor": "Этаж: 4",
      "floor_total": "Этажность дома: 8",
      "area": 46.5,
      "price_per_sqm": 2540.0,
      "total_price": 123444.0
    },
    {
      "id": "1819",
      "apartment": "Квартира №64",
      "type": "Квартира",
      "quarter": "Квартал — 27 Happy Planet",
      "status": "Статус: Сдано",
      "address": "улица Леонида Левина, дом 3",
      "location": "Местоположение: Минск Мир, Дом 27.5",
      "house_number": "27.5",
      "house_name": "Калемегда́н ",
      "floor": "Этаж: 7",
      "floor_total": "Этажность дома: 8",
      "area": 46.6,
      "price_per_sqm": 2540.0,
      "total_price": 123190.0
    },
    {
      "id": "1835",
      "apartment": "Квартира №2",
      "type": "Квартира",
      "quarter": "Квартал — 27 Happy Planet",
      "status": "Статус: Сдано",
      "address": "улица Леонида Левина, дом 3",
      "location": "Местоположение: Минск Мир, Дом 27.5",
      "house_number": "27.5",
      "house_name": "Калемегда́н ",
      "floor": "Этаж: 2",
      "floor_total": "Этажность дома: 8",
      "area": 46.5,
      "price_per_sqm": 2540.0,
      "total_price": 123698.0
    },
    {
      "id": "1836",
      "apartment": "Квартира №21",
      "type": "Квартира",
      "quarter": "Квартал — 27 Happy Planet",
      "status": "Статус: Сдано",
      "address": "улица Леонида Левина, дом 3",
      "location": "Местоположение: Минск Мир, Дом 27.5",
      "house_number": "27.5",
      "house_name": "Калемегда́н ",
      "floor": "Этаж: 3",
      "floor_total": "Этажность дома: 8",
      "area": 46.4,
      "price_per_sqm": 2540.0,
      "total_price": 123190.0
    },
    {
      "id": "1837",
      "apartment": "Квартира №32",
      "type": "Квартира",
      "quarter": "Квартал — 27 Happy Planet",
      "status": "Статус: Сдано",
      "address": "улица Леонида Левина, дом 3",
      "location": "Местоположение: Минск Мир, Дом 27.5",
      "house_number": "27.5",
      "house_name": "Калемегда́н ",
      "floor": "Этаж: 4",
      "floor_total": "Этажность дома: 8",
      "area": 46.5,
      "price_per_sqm": 2540.0,
      "total_price": 123698.0
    },
    {
      "id": "1838",
      "apartment": "Квартира №5",
      "type": "Квартира",
      "quarter": "Квартал — 27 Happy Planet",
      "status": "Статус: Сдано",
      "address": "улица Леонида Левина, дом 3",
      "location": "Местоположение: Минск Мир, Дом 27.5",
      "house_number": "27.5",
      "house_name": "Калемегда́н ",
      "floor": "Этаж: 2",
      "floor_total": "Этажность дома: 8",
      "area": 46.7,
      "price_per_sqm": 2540.0,
      "total_price": 123190.0
    },
    {
      "id": "1839",
      "apartment": "Квартира №61",
      "type": "Квартира",
      "quarter": "Квартал — 27 Happy Planet",
      "status": "Статус: Сдано",
      "address": "улица Леонида Левина, дом 3",
      "location": "Местоположение: Минск Мир, Дом 27.5",
      "house_number": "27.5",
      "house_name": "Калемегда́н ",
      "floor": "Этаж: 7",
      "floor_total": "Этажность дома: 8",
      "area": 50.4,
      "price_per_sqm": 2470.0,
      "total_price": 130910.0
    },
    {
      "id": "1840",
      "apartment": "Квартира №43",
      "type": "Квартира",
      "quarter": "Квартал — 27 Happy Planet",
      "status": "Статус: Сдано",
      "address": "улица Леонида Левина, дом 3",
      "location": "Местоположение: Минск Мир, Дом 27.5",
      "house_number": "27.5",
      "house_name": "Калемегда́н ",
      "floor": "Этаж: 5",
      "floor_total": "Этажность дома: 8",
      "area": 46.7,
      "price_per_sqm": 2540.0,
      "total_price": 124206.0
    },
    {
      "id": "1841",
      "apartment": "Квартира №13",
      "type": "Квартира",
      "quarter": "Квартал — 27 Happy Planet",
      "status": "Статус: Сдано",
      "address": "улица Леонида Левина, дом 3",
      "location": "Местоположение: Минск Мир, Дом 27.5",
      "house_number": "27.5",
      "house_name": "Калемегда́н ",
      "floor": "Этаж: 3",
      "floor_total": "Этажность дома: 8",
      "area": 46.8,
      "price_per_sqm": 2540.0,
      "total_price": 124206.0
    },
    {
      "id": "1842",
      "apartment": "Квартира №15",
      "type": "Квартира",
      "quarter": "Квартал — 27 Happy Planet",
      "status": "Статус: Сдано",
      "address": "улица Леонида Левина, дом 3",
      "location": "Местоположение: Минск Мир, Дом 27.5",
      "house_number": "27.5",
      "house_name": "Калемегда́н ",
      "floor": "Этаж: 3",
      "floor_total": "Этажность дома: 8",
      "area": 46.4,
      "price_per_sqm": 2540.0,
      "total_price": 122682.0
    },
    {
      "id": "1843",
      "apartment": "Квартира №6",
      "type": "Квартира",
      "quarter": "Квартал — 27 Happy Planet",
      "status": "Статус: Сдано",
      "address": "улица Леонида Левина, дом 3",
      "location": "Местоположение: Минск Мир, Дом 27.5",
      "house_number": "27.5",
      "house_name": "Калемегда́н ",
      "floor": "Этаж: 2",
      "floor_total": "Этажность дома: 8",
      "area": 50.5,
      "price_per_sqm": 2470.0,
      "total_price": 131157.0
    },
    {
      "id": "1844",
      "apartment": "Квартира №66",
      "type": "Квартира",
      "quarter": "Квартал — 27 Happy Planet",
      "status": "Статус: Сдано",
      "address": "улица Леонида Левина, дом 3",
      "location": "Местоположение: Минск Мир, Дом 27.5",
      "house_number": "27.5",
      "house_name": "Калемегда́н ",
      "floor": "Этаж: 7",
      "floor_total": "Этажность дома: 8",
      "area": 59.7,
      "price_per_sqm": 2340.0,
      "total_price": 144144.0
    },
    {
      "id": "1856",
      "apartment": "Квартира №63",
      "type": "Квартира",
      "quarter": "Квартал — 27 Happy Planet",
      "status": "Статус: Сдано",
      "address": "улица Леонида Левина, дом 3",
      "location": "Местоположение: Минск Мир, Дом 27.5",
      "house_number": "27.5",
      "house_name": "Калемегда́н ",
      "floor": "Этаж: 7",
      "floor_total": "Этажность дома: 8",
      "area": 46.8,
      "price_per_sqm": 2540.0,
      "total_price": 123698.0
    },
    {
      "id": "1857",
      "apartment": "Пентхаус №71",
      "type": "Пентхаус",
      "quarter": "Квартал — 27 Happy Planet",
      "status": "Статус: Сдано",
      "address": "улица Леонида Левина, дом 3",
      "location": "Местоположение: Минск Мир, Дом 27.5",
      "house_number": "27.5",
      "house_name": "Калемегда́н ",
      "floor": "Этаж: 8",
      "floor_total": "Этажность дома: 8",
      "area": 46.7,
      "price_per_sqm": 2540.0,
      "total_price": 123190.0
    },
    {
      "id": "1858",
      "apartment": "Квартира №29",
      "type": "Квартира",
      "quarter": "Квартал — 27 Happy Planet",
      "status": "Статус: Сдано",
      "address": "улица Леонида Левина, дом 3",
      "location": "Местоположение: Минск Мир, Дом 27.5",
      "house_number": "27.5",
      "house_name": "Калемегда́н ",
      "floor": "Этаж: 4",
      "floor_total": "Этажность дома: 8",
      "area": 46.7,
      "price_per_sqm": 2540.0,
      "total_price": 123190.0
    },
    {
      "id": "1859",
      "apartment": "Квартира №11",
      "type": "Квартира",
      "quarter": "Квартал — 27 Happy Planet",
      "status": "Статус: Сдано",
      "address": "улица Леонида Левина, дом 3",
      "location": "Местоположение: Минск Мир, Дом 27.5",
      "house_number": "27.5",
      "house_name": "Калемегда́н ",
      "floor": "Этаж: 2",
      "floor_total": "Этажность дома: 8",
      "area": 59.5,
      "price_per_sqm": 2340.0,
      "total_price": 143442.0
    },
    {
      "id": "1860",
      "apartment": "Квартира №46",
      "type": "Квартира",
      "quarter": "Квартал — 27 Happy Planet",
      "status": "Статус: Сдано",
      "address": "улица Леонида Левина, дом 3",
      "location": "Местоположение: Минск Мир, Дом 27.5",
      "house_number": "27.5",
      "house_name": "Калемегда́н ",
      "floor": "Этаж: 6",
      "floor_total": "Этажность дома: 8",
      "area": 46.7,
      "price_per_sqm": 2540.0,
      "total_price": 123952.0
    },
    {
      "id": "1861",
      "apartment": "Квартира №1",
      "type": "Квартира",
      "quarter": "Квартал — 27 Happy Planet",
      "status": "Статус: Сдано",
      "address": "улица Леонида Левина, дом 3",
      "location": "Местоположение: Минск Мир, Дом 27.5",
      "house_number": "27.5",
      "house_name": "Калемегда́н ",
      "floor": "Этаж: 2",
      "floor_total": "Этажность дома: 8",
      "area": 59.7,
      "price_per_sqm": 2380.0,
      "total_price": 146370.0
    },
    {
      "id": "1862",
      "apartment": "Пентхаус №69",
      "type": "Пентхаус",
      "quarter": "Квартал — 27 Happy Planet",
      "status": "Статус: Сдано",
      "address": "улица Леонида Левина, дом 3",
      "location": "Местоположение: Минск Мир, Дом 27.5",
      "house_number": "27.5",
      "house_name": "Калемегда́н ",
      "floor": "Этаж: 8",
      "floor_total": "Этажность дома: 8",
      "area": 46.7,
      "price_per_sqm": 2540.0,
      "total_price": 123444.0
    },
    {
      "id": "1863",
      "apartment": "Квартира №49",
      "type": "Квартира",
      "quarter": "Квартал — 27 Happy Planet",
      "status": "Статус: Сдано",
      "address": "улица Леонида Левина, дом 3",
      "location": "Местоположение: Минск Мир, Дом 27.5",
      "house_number": "27.5",
      "house_name": "Калемегда́н ",
      "floor": "Этаж: 6",
      "floor_total": "Этажность дома: 8",
      "area": 46.8,
      "price_per_sqm": 2540.0,
      "total_price": 123444.0
    },
    {
      "id": "1864",
      "apartment": "Квартира №55",
      "type": "Квартира",
      "quarter": "Квартал — 27 Happy Planet",
      "status": "Статус: Сдано",
      "address": "улица Леонида Левина, дом 3",
      "location": "Местоположение: Минск Мир, Дом 27.5",
      "house_number": "27.5",
      "house_name": "Калемегда́н ",
      "floor": "Этаж: 6",
      "floor_total": "Этажность дома: 8",
      "area": 59.7,
      "price_per_sqm": 2340.0,
      "total_price": 143910.0
    },
    {
      "id": "1865",
      "apartment": "Квартира №17",
      "type": "Квартира",
      "quarter": "Квартал — 27 Happy Planet",
      "status": "Статус: Сдано",
      "address": "улица Леонида Левина, дом 3",
      "location": "Местоположение: Минск Мир, Дом 27.5",
      "house_number": "27.5",
      "house_name": "Калемегда́н ",
      "floor": "Этаж: 3",
      "floor_total": "Этажность дома: 8",
      "area": 50.1,
      "price_per_sqm": 2470.0,
      "total_price": 130169.0
    },
    {
      "id": "1892",
      "apartment": "Квартира №60",
      "type": "Квартира",
      "quarter": "Квартал — 27 Happy Planet",
      "status": "Статус: Сдано",
      "address": "улица Леонида Левина, дом 3",
      "location": "Местоположение: Минск Мир, Дом 27.5",
      "house_number": "27.5",
      "house_name": "Калемегда́н ",
      "floor": "Этаж: 7",
      "floor_total": "Этажность дома: 8",
      "area": 46.6,
      "price_per_sqm": 2540.0,
      "total_price": 122936.0
    },
    {
      "id": "1893",
      "apartment": "Квартира №33",
      "type": "Квартира",
      "quarter": "Квартал — 27 Happy Planet",
      "status": "Статус: Сдано",
      "address": "улица Леонида Левина, дом 3",
      "location": "Местоположение: Минск Мир, Дом 27.5",
      "house_number": "27.5",
      "house_name": "Калемегда́н ",
      "floor": "Этаж: 4",
      "floor_total": "Этажность дома: 8",
      "area": 59.5,
      "price_per_sqm": 2340.0,
      "total_price": 143442.0
    },
    {
      "id": "1894",
      "apartment": "Квартира №36",
      "type": "Квартира",
      "quarter": "Квартал — 27 Happy Planet",
      "status": "Статус: Сдано",
      "address": "улица Леонида Левина, дом 3",
      "location": "Местоположение: Минск Мир, Дом 27.5",
      "house_number": "27.5",
      "house_name": "Калемегда́н ",
      "floor": "Этаж: 5",
      "floor_total": "Этажность дома: 8",
      "area": 46.6,
      "price_per_sqm": 2540.0,
      "total_price": 123444.0
    },
    {
      "id": "1895",
      "apartment": "Пентхаус №68",
      "type": "Пентхаус",
      "quarter": "Квартал — 27 Happy Planet",
      "status": "Статус: Сдано",
      "address": "улица Леонида Левина, дом 3",
      "location": "Местоположение: Минск Мир, Дом 27.5",
      "house_number": "27.5",
      "house_name": "Калемегда́н ",
      "floor": "Этаж: 8",
      "floor_total": "Этажность дома: 8",
      "area": 46.7,
      "price_per_sqm": 2540.0,
      "total_price": 124206.0
    },
    {
      "id": "1896",
      "apartment": "Квартира №27",
      "type": "Квартира",
      "quarter": "Квартал — 27 Happy Planet",
      "status": "Статус: Сдано",
      "address": "улица Леонида Левина, дом 3",
      "location": "Местоположение: Минск Мир, Дом 27.5",
      "house_number": "27.5",
      "house_name": "Калемегда́н ",
      "floor": "Этаж: 4",
      "floor_total": "Этажность дома: 8",
      "area": 46.6,
      "price_per_sqm": 2540.0,
      "total_price": 122936.0
    },
    {
      "id": "1897",
      "apartment": "Квартира №23",
      "type": "Квартира",
      "quarter": "Квартал — 27 Happy Planet",
      "status": "Статус: Сдано",
      "address": "улица Леонида Левина, дом 3",
      "location": "Местоположение: Минск Мир, Дом 27.5",
      "house_number": "27.5",
      "house_name": "Калемегда́н ",
      "floor": "Этаж: 4",
      "floor_total": "Этажность дома: 8",
      "area": 59.5,
      "price_per_sqm": 2380.0,
      "total_price": 145894.0
    },
    {
      "id": "1898",
      "apartment": "Квартира №3",
      "type": "Квартира",
      "quarter": "Квартал — 27 Happy Planet",
      "status": "Статус: Сдано",
      "address": "улица Леонида Левина, дом 3",
      "location": "Местоположение: Минск Мир, Дом 27.5",
      "house_number": "27.5",
      "house_name": "Калемегда́н ",
      "floor": "Этаж: 2",
      "floor_total": "Этажность дома: 8",
      "area": 46.5,
      "price_per_sqm": 2540.0,
      "total_price": 122936.0
    },
    {
      "id": "1899",
      "apartment": "Квартира №25",
      "type": "Квартира",
      "quarter": "Квартал — 27 Happy Planet",
      "status": "Статус: Сдано",
      "address": "улица Леонида Левина, дом 3",
      "location": "Местоположение: Минск Мир, Дом 27.5",
      "house_number": "27.5",
      "house_name": "Калемегда́н ",
      "floor": "Этаж: 4",
      "floor_total": "Этажность дома: 8",
      "area": 46.5,
      "price_per_sqm": 2540.0,
      "total_price": 123190.0
    },
    {
      "id": "1900",
      "apartment": "Квартира №34",
      "type": "Квартира",
      "quarter": "Квартал — 27 Happy Planet",
      "status": "Статус: Сдано",
      "address": "улица Леонида Левина, дом 3",
      "location": "Местоположение: Минск Мир, Дом 27.5",
      "house_number": "27.5",
      "house_name": "Калемегда́н ",
      "floor": "Этаж: 5",
      "floor_total": "Этажность дома: 8",
      "area": 59.7,
      "price_per_sqm": 2380.0,
      "total_price": 146370.0
    },
    {
      "id": "1901",
      "apartment": "Квартира №37",
      "type": "Квартира",
      "quarter": "Квартал — 27 Happy Planet",
      "status": "Статус: Сдано",
      "address": "улица Леонида Левина, дом 3",
      "location": "Местоположение: Минск Мир, Дом 27.5",
      "house_number": "27.5",
      "house_name": "Калемегда́н ",
      "floor": "Этаж: 5",
      "floor_total": "Этажность дома: 8",
      "area": 46.6,
      "price_per_sqm": 2540.0,
      "total_price": 123190.0
    },
    {
      "id": "1927",
      "apartment": "Квартира №57",
      "type": "Квартира",
      "quarter": "Квартал — 27 Happy Planet",
      "status": "Статус: Сдано",
      "address": "улица Леонида Левина, дом 3",
      "location": "Местоположение: Минск Мир, Дом 27.5",
      "house_number": "27.5",
      "house_name": "Калемегда́н ",
      "floor": "Этаж: 7",
      "floor_total": "Этажность дома: 8",
      "area": 46.8,
      "price_per_sqm": 2540.0,
      "total_price": 124206.0
    },
    {
      "id": "1928",
      "apartment": "Квартира №44",
      "type": "Квартира",
      "quarter": "Квартал — 27 Happy Planet",
      "status": "Статус: Сдано",
      "address": "улица Леонида Левина, дом 3",
      "location": "Местоположение: Минск Мир, Дом 27.5",
      "house_number": "27.5",
      "house_name": "Калемегда́н ",
      "floor": "Этаж: 5",
      "floor_total": "Этажность дома: 8",
      "area": 59.6,
      "price_per_sqm": 2340.0,
      "total_price": 143910.0
    },
    {
      "id": "1929",
      "apartment": "Квартира №31",
      "type": "Квартира",
      "quarter": "Квартал — 27 Happy Planet",
      "status": "Статус: Сдано",
      "address": "улица Леонида Левина, дом 3",
      "location": "Местоположение: Минск Мир, Дом 27.5",
      "house_number": "27.5",
      "house_name": "Калемегда́н ",
      "floor": "Этаж: 4",
      "floor_total": "Этажность дома: 8",
      "area": 46.8,
      "price_per_sqm": 2540.0,
      "total_price": 123952.0
    },
    {
      "id": "1930",
      "apartment": "Квартира №45",
      "type": "Квартира",
      "quarter": "Квартал — 27 Happy Planet",
      "status": "Статус: Сдано",
      "address": "улица Леонида Левина, дом 3",
      "location": "Местоположение: Минск Мир, Дом 27.5",
      "house_number": "27.5",
      "house_name": "Калемегда́н ",
      "floor": "Этаж: 6",
      "floor_total": "Этажность дома: 8",
      "area": 59.9,
      "price_per_sqm": 2380.0,
      "total_price": 146846.0
    },
    {
      "id": "1931",
      "apartment": "Квартира №22",
      "type": "Квартира",
      "quarter": "Квартал — 27 Happy Planet",
      "status": "Статус: Сдано",
      "address": "улица Леонида Левина, дом 3",
      "location": "Местоположение: Минск Мир, Дом 27.5",
      "house_number": "27.5",
      "house_name": "Калемегда́н ",
      "floor": "Этаж: 3",
      "floor_total": "Этажность дома: 8",
      "area": 59.2,
      "price_per_sqm": 2340.0,
      "total_price": 142740.0
    },
    {
      "id": "1932",
      "apartment": "Квартира №38",
      "type": "Квартира",
      "quarter": "Квартал — 27 Happy Planet",
      "status": "Статус: Сдано",
      "address": "улица Леонида Левина, дом 3",
      "location": "Местоположение: Минск Мир, Дом 27.5",
      "house_number": "27.5",
      "house_name": "Калемегда́н ",
      "floor": "Этаж: 5",
      "floor_total": "Этажность дома: 8",
      "area": 46.4,
      "price_per_sqm": 2540.0,
      "total_price": 122682.0
    },
    {
      "id": "1933",
      "apartment": "Квартира №12",
      "type": "Квартира",
      "quarter": "Квартал — 27 Happy Planet",
      "status": "Статус: Сдано",
      "address": "улица Леонида Левина, дом 3",
      "location": "Местоположение: Минск Мир, Дом 27.5",
      "house_number": "27.5",
      "house_name": "Калемегда́н ",
      "floor": "Этаж: 3",
      "floor_total": "Этажность дома: 8",
      "area": 59.7,
      "price_per_sqm": 2380.0,
      "total_price": 146370.0
    },
    {
      "id": "1934",
      "apartment": "Квартира №16",
      "type": "Квартира",
      "quarter": "Квартал — 27 Happy Planet",
      "status": "Статус: Сдано",
      "address": "улица Леонида Левина, дом 3",
      "location": "Местоположение: Минск Мир, Дом 27.5",
      "house_number": "27.5",
      "house_name": "Калемегда́н ",
      "floor": "Этаж: 3",
      "floor_total": "Этажность дома: 8",
      "area": 46.7,
      "price_per_sqm": 2540.0,
      "total_price": 123190.0
    },
    {
      "id": "1935",
      "apartment": "Квартира №39",
      "type": "Квартира",
      "quarter": "Квартал — 27 Happy Planet",
      "status": "Статус: Сдано",
      "address": "улица Леонида Левина, дом 3",
      "location": "Местоположение: Минск Мир, Дом 27.5",
      "house_number": "27.5",
      "house_name": "Калемегда́н ",
      "floor": "Этаж: 5",
      "floor_total": "Этажность дома: 8",
      "area": 50.3,
      "price_per_sqm": 2470.0,
      "total_price": 130663.0
    },
    {
      "id": "1936",
      "apartment": "Квартира №53",
      "type": "Квартира",
      "quarter": "Квартал — 27 Happy Planet",
      "status": "Статус: Сдано",
      "address": "улица Леонида Левина, дом 3",
      "location": "Местоположение: Минск Мир, Дом 27.5",
      "house_number": "27.5",
      "house_name": "Калемегда́н ",
      "floor": "Этаж: 6",
      "floor_total": "Этажность дома: 8",
      "area": 46.8,
      "price_per_sqm": 2540.0,
      "total_price": 123952.0
    },
    {
      "id": "1961",
      "apartment": "Пентхаус №70",
      "type": "Пентхаус",
      "quarter": "Квартал — 27 Happy Planet",
      "status": "Статус: Сдано",
      "address": "улица Леонида Левина, дом 3",
      "location": "Местоположение: Минск Мир, Дом 27.5",
      "house_number": "27.5",
      "house_name": "Калемегда́н ",
      "floor": "Этаж: 8",
      "floor_total": "Этажность дома: 8",
      "area": 46.6,
      "price_per_sqm": 2540.0,
      "total_price": 123190.0
    },
    {
      "id": "1962",
      "apartment": "Квартира №4",
      "type": "Квартира",
      "quarter": "Квартал — 27 Happy Planet",
      "status": "Статус: Сдано",
      "address": "улица Леонида Левина, дом 3",
      "location": "Местоположение: Минск Мир, Дом 27.5",
      "house_number": "27.5",
      "house_name": "Калемегда́н ",
      "floor": "Этаж: 2",
      "floor_total": "Этажность дома: 8",
      "area": 46.7,
      "price_per_sqm": 2540.0,
      "total_price": 123444.0
    },
    {
      "id": "1963",
      "apartment": "Квартира №59",
      "type": "Квартира",
      "quarter": "Квартал — 27 Happy Planet",
      "status": "Статус: Сдано",
      "address": "улица Леонида Левина, дом 3",
      "location": "Местоположение: Минск Мир, Дом 27.5",
      "house_number": "27.5",
      "house_name": "Калемегда́н ",
      "floor": "Этаж: 7",
      "floor_total": "Этажность дома: 8",
      "area": 46.8,
      "price_per_sqm": 2540.0,
      "total_price": 123444.0
    },
    {
      "id": "1964",
      "apartment": "Квартира №65",
      "type": "Квартира",
      "quarter": "Квартал — 27 Happy Planet",
      "status": "Статус: Сдано",
      "address": "улица Леонида Левина, дом 3",
      "location": "Местоположение: Минск Мир, Дом 27.5",
      "house_number": "27.5",
      "house_name": "Калемегда́н ",
      "floor": "Этаж: 7",
      "floor_total": "Этажность дома: 8",
      "area": 46.7,
      "price_per_sqm": 2540.0,
      "total_price": 124206.0
    },
    {
      "id": "1965",
      "apartment": "Квартира №35",
      "type": "Квартира",
      "quarter": "Квартал — 27 Happy Planet",
      "status": "Статус: Сдано",
      "address": "улица Леонида Левина, дом 3",
      "location": "Местоположение: Минск Мир, Дом 27.5",
      "house_number": "27.5",
      "house_name": "Калемегда́н ",
      "floor": "Этаж: 5",
      "floor_total": "Этажность дома: 8",
      "area": 46.3,
      "price_per_sqm": 2540.0,
      "total_price": 122936.0
    },
    {
      "id": "1966",
      "apartment": "Квартира №62",
      "type": "Квартира",
      "quarter": "Квартал — 27 Happy Planet",
      "status": "Статус: Сдано",
      "address": "улица Леонида Левина, дом 3",
      "location": "Местоположение: Минск Мир, Дом 27.5",
      "house_number": "27.5",
      "house_name": "Калемегда́н ",
      "floor": "Этаж: 7",
      "floor_total": "Этажность дома: 8",
      "area": 46.7,
      "price_per_sqm": 2540.0,
      "total_price": 123444.0
    },
    {
      "id": "1967",
      "apartment": "Квартира №51",
      "type": "Квартира",
      "quarter": "Квартал — 27 Happy Planet",
      "status": "Статус: Сдано",
      "address": "улица Леонида Левина, дом 3",
      "location": "Местоположение: Минск Мир, Дом 27.5",
      "house_number": "27.5",
      "house_name": "Калемегда́н ",
      "floor": "Этаж: 6",
      "floor_total": "Этажность дома: 8",
      "area": 46.8,
      "price_per_sqm": 2540.0,
      "total_price": 123444.0
    },
    {
      "id": "1968",
      "apartment": "Квартира №28",
      "type": "Квартира",
      "quarter": "Квартал — 27 Happy Planet",
      "status": "Статус: Сдано",
      "address": "улица Леонида Левина, дом 3",
      "location": "Местоположение: Минск Мир, Дом 27.5",
      "house_number": "27.5",
      "house_name": "Калемегда́н ",
      "floor": "Этаж: 4",
      "floor_total": "Этажность дома: 8",
      "area": 50.4,
      "price_per_sqm": 2470.0,
      "total_price": 130910.0
    },
    {
      "id": "1969",
      "apartment": "Квартира №40",
      "type": "Квартира",
      "quarter": "Квартал — 27 Happy Planet",
      "status": "Статус: Сдано",
      "address": "улица Леонида Левина, дом 3",
      "location": "Местоположение: Минск Мир, Дом 27.5",
      "house_number": "27.5",
      "house_name": "Калемегда́н ",
      "floor": "Этаж: 5",
      "floor_total": "Этажность дома: 8",
      "area": 46.5,
      "price_per_sqm": 2540.0,
      "total_price": 122682.0
    },
    {
      "id": "7579",
      "apartment": "Квартира №14",
      "type": "Квартира",
      "quarter": "Квартал — 27 Happy Planet",
      "status": "Статус: Сдано",
      "address": "улица Леонида Левина, дом 7",
      "location": "Местоположение: Минск Мир, Дом 27.1",
      "house_number": "27.1",
      "house_name": "Golden Gate Park",
      "floor": "Этаж: 3",
      "floor_total": "Этажность дома: 25",
      "area": 57.4,
      "price_per_sqm": 1580.0,
      "total_price": 94168.0
    },
    {
      "id": "7580",
      "apartment": "Квартира №10",
      "type": "Квартира",
      "quarter": "Квартал — 27 Happy Planet",
      "status": "Статус: Сдано",
      "address": "улица Леонида Левина, дом 7",
      "location": "Местоположение: Минск Мир, Дом 27.1",
      "house_number": "27.1",
      "house_name": "Golden Gate Park",
      "floor": "Этаж: 2",
      "floor_total": "Этажность дома: 25",
      "area": 53.2,
      "price_per_sqm": 1580.0,
      "total_price": 89428.0
    },
    {
      "id": "7581",
      "apartment": "Квартира №4",
      "type": "Квартира",
      "quarter": "Квартал — 27 Happy Planet",
      "status": "Статус: Сдано",
      "address": "улица Леонида Левина, дом 7",
      "location": "Местоположение: Минск Мир, Дом 27.1",
      "house_number": "27.1",
      "house_name": "Golden Gate Park",
      "floor": "Этаж: 2",
      "floor_total": "Этажность дома: 25",
      "area": 57.2,
      "price_per_sqm": 1560.0,
      "total_price": 98904.0
    }
  ],
  "statistics": {
    "min_price": 89428.0,
    "max_price": 146846.0,
    "avg_price": 118321.07272727272,
    "min_area": 46.3,
    "max_area": 69.8,
    "available_count": 0
  }
}