{
  "version": "1.0",
  "quarter": "29-Северная-Европа",
  "updated_at": "2025-09-22T17:42:35.876506",
  "total_apartments": 18,
  "apartments": [
    {
      "id": "3",
      "apartment": "Квартира №3",
      "type": "Квартира",
      "quarter": "Квартал — 29 Северная Европа",
      "status": "Статус: Сдано",
      "address": "проспект Мира, дом 16",
      "location": "Местоположение: Минск Мир, Дом 29.5",
      "house_number": "29.5",
      "house_name": "Осло",
      "floor": "Этаж: 1",
      "floor_total": "Этажность дома: 25",
      "area": 55.0,
      "price_per_sqm": 1630.0,
      "total_price": 92747.0
    },
    {
      "id": "4",
      "apartment": "Квартира №6",
      "type": "Квартира",
      "quarter": "Квартал — 29 Северная Европа",
      "status": "Статус: Сдано",
      "address": "проспект Мира, дом 16",
      "location": "Местоположение: Минск Мир, Дом 29.5",
      "house_number": "29.5",
      "house_name": "Осло",
      "floor": "Этаж: 1",
      "floor_total": "Этажность дома: 25",
      "area": 55.1,
      "price_per_sqm": 1630.0,
      "total_price": 92910.0
    },
    {
      "id": "5",
      "apartment": "Квартира №5",
      "type": "Квартира",
      "quarter": "Квартал — 29 Северная Европа",
      "status": "Статус: Сдано",
      "address": "проспект Мира, дом 16",
      "location": "Местоположение: Минск Мир, Дом 29.5",
      "house_number": "29.5",
      "house_name": "Осло",
      "floor": "Этаж: 1",
      "floor_total": "Этажность дома: 25",
      "area": 69.3,
      "price_per_sqm": 1600.0,
      "total_price": 113920.0
    },
    {
      "id": "6",
      "apartment": "Квартира №4",
      "type": "Квартира",
      "quarter": "Квартал — 29 Северная Европа",
      "status": "Статус: Сдано",
      "address": "проспект Мира, дом 16",
      "location": "Местоположение: Минск Мир, Дом 29.5",
      "house_number": "29.5",
      "house_name": "Осло",
      "floor": "Этаж: 1",
      "floor_total": "Этажность дома: 25",
      "area": 69.3,
      "price_per_sqm": 1600.0,
      "total_price": 113920.0
    },
    {
      "id": "7",
      "apartment": "Квартира №14",
      "type": "Квартира",
      "quarter": "Квартал — 29 Северная Европа",
      "status": "Статус: Сдано",
      "address": "проспект Мира, дом 16",
      "location": "Местоположение: Минск Мир, Дом 29.5",
      "house_number": "29.5",
      "house_name": "Осло",
      "floor": "Этаж: 2",
      "floor_total": "Этажность дома: 25",
      "area": 74.0,
      "price_per_sqm": 1450.0,
      "total_price": 110055.0
    },
    {
      "id": "1631",
      "apartment": "Квартира №5",
      "type": "Квартира",
      "quarter": "Квартал — 29 Северная Европа",
      "status": "Статус: Сдано",
      "address": "улица Белградская, дом 11",
      "location": "Местоположение: Минск Мир, Дом 29.1",
      "house_number": "29.1",
      "house_name": "Копенгаген",
      "floor": "Этаж: 1",
      "floor_total": "Этажность дома: 25",
      "area": 69.8,
      "price_per_sqm": 1640.0,
      "total_price": 121688.0
    },
    {
      "id": "1653",
      "apartment": "Квартира №3",
      "type": "Квартира",
      "quarter": "Квартал — 29 Северная Европа",
      "status": "Статус: Сдано",
      "address": "проспект Мира, дом 14",
      "location": "Местоположение: Минск Мир, Дом 29.4",
      "house_number": "29.4",
      "house_name": "Гла́зго",
      "floor": "Этаж: 1",
      "floor_total": "Этажность дома: 25",
      "area": 55.2,
      "price_per_sqm": 1630.0,
      "total_price": 93236.0
    },
    {
      "id": "1654",
      "apartment": "Квартира №6",
      "type": "Квартира",
      "quarter": "Квартал — 29 Северная Европа",
      "status": "Статус: Сдано",
      "address": "проспект Мира, дом 14",
      "location": "Местоположение: Минск Мир, Дом 29.4",
      "house_number": "29.4",
      "house_name": "Гла́зго",
      "floor": "Этаж: 1",
      "floor_total": "Этажность дома: 25",
      "area": 55.3,
      "price_per_sqm": 1630.0,
      "total_price": 93399.0
    },
    {
      "id": "1655",
      "apartment": "Квартира №4",
      "type": "Квартира",
      "quarter": "Квартал — 29 Северная Европа",
      "status": "Статус: Сдано",
      "address": "проспект Мира, дом 14",
      "location": "Местоположение: Минск Мир, Дом 29.4",
      "house_number": "29.4",
      "house_name": "Гла́зго",
      "floor": "Этаж: 1",
      "floor_total": "Этажность дома: 25",
      "area": 69.1,
      "price_per_sqm": 1600.0,
      "total_price": 113760.0
    },
    {
      "id": "1656",
      "apartment": "Квартира №5",
      "type": "Квартира",
      "quarter": "Квартал — 29 Северная Европа",
      "status": "Статус: Сдано",
      "address": "проспект Мира, дом 14",
      "location": "Местоположение: Минск Мир, Дом 29.4",
      "house_number": "29.4",
      "house_name": "Гла́зго",
      "floor": "Этаж: 1",
      "floor_total": "Этажность дома: 25",
      "area": 69.2,
      "price_per_sqm": 1600.0,
      "total_price": 113920.0
    },
    {
      "id": "3446",
      "apartment": "Квартира №5",
      "type": "Квартира",
      "quarter": "Квартал — 29 Северная Европа",
      "status": "Статус: Сдано",
      "address": "улица Белградская, дом 9",
      "location": "Местоположение: Минск Мир, Дом 29.2",
      "house_number": "29.2",
      "house_name": "Стокгольм",
      "floor": "Этаж: 1",
      "floor_total": "Этажность дома: 25",
      "area": 70.1,
      "price_per_sqm": 1640.0,
      "total_price": 121852.0
    },
    {
      "id": "7587",
      "apartment": "Квартира №15",
      "type": "Квартира",
      "quarter": "Квартал — 29 Северная Европа",
      "status": "Статус: Сдано",
      "address": "проспект Мира, дом 18",
      "location": "Местоположение: Минск Мир, Дом 29.6",
      "house_number": "29.6",
      "house_name": "Вильнюс",
      "floor": "Этаж: 2",
      "floor_total": "Этажность дома: 25",
      "area": 68.1,
      "price_per_sqm": 1450.0,
      "total_price": 103675.0
    },
    {
      "id": "7588",
      "apartment": "Квартира №3",
      "type": "Квартира",
      "quarter": "Квартал — 29 Северная Европа",
      "status": "Статус: Сдано",
      "address": "проспект Мира, дом 18",
      "location": "Местоположение: Минск Мир, Дом 29.6",
      "house_number": "29.6",
      "house_name": "Вильнюс",
      "floor": "Этаж: 1",
      "floor_total": "Этажность дома: 25",
      "area": 53.8,
      "price_per_sqm": 1630.0,
      "total_price": 90628.0
    },
    {
      "id": "7589",
      "apartment": "Квартира №6",
      "type": "Квартира",
      "quarter": "Квартал — 29 Северная Европа",
      "status": "Статус: Сдано",
      "address": "проспект Мира, дом 18",
      "location": "Местоположение: Минск Мир, Дом 29.6",
      "house_number": "29.6",
      "house_name": "Вильнюс",
      "floor": "Этаж: 1",
      "floor_total": "Этажность дома: 25",
      "area": 53.3,
      "price_per_sqm": 1630.0,
      "total_price": 89976.0
    },
    {
      "id": "7590",
      "apartment": "Квартира №5",
      "type": "Квартира",
      "quarter": "Квартал — 29 Северная Европа",
      "status": "Статус: Сдано",
      "address": "проспект Мира, дом 18",
      "location": "Местоположение: Минск Мир, Дом 29.6",
      "house_number": "29.6",
      "house_name": "Вильнюс",
      "floor": "Этаж: 1",
      "floor_total": "Этажность дома: 25",
      "area": 67.6,
      "price_per_sqm": 1600.0,
      "total_price": 111040.0
    },
    {
      "id": "7591",
      "apartment": "Квартира №51",
      "type": "Квартира",
      "quarter": "Квартал — 29 Северная Европа",
      "status": "Статус: Сдано",
      "address": "проспект Мира, дом 18",
      "location": "Местоположение: Минск Мир, Дом 29.6",
      "house_number": "29.6",
      "house_name": "Вильнюс",
      "floor": "Этаж: 5",
      "floor_total": "Этажность дома: 25",
      "area": 68.0,
      "price_per_sqm": 1450.0,
      "total_price": 103675.0
    },
    {
      "id": "7592",
      "apartment": "Квартира №12",
      "type": "Квартира",
      "quarter": "Квартал — 29 Северная Европа",
      "status": "Статус: Сдано",
      "address": "проспект Мира, дом 18",
      "location": "Местоположение: Минск Мир, Дом 29.6",
      "house_number": "29.6",
      "house_name": "Вильнюс",
      "floor": "Этаж: 2",
      "floor_total": "Этажность дома: 25",
      "area": 68.1,
      "price_per_sqm": 1450.0,
      "total_price": 103675.0
    },
    {
      "id": "7593",
      "apartment": "Квартира №4",
      "type": "Квартира",
      "quarter": "Квартал — 29 Северная Европа",
      "status": "Статус: Сдано",
      "address": "проспект Мира, дом 18",
      "location": "Местоположение: Минск Мир, Дом 29.6",
      "house_number": "29.6",
      "house_name": "Вильнюс",
      "floor": "Этаж: 1",
      "floor_total": "Этажность дома: 25",
      "area": 67.5,
      "price_per_sqm": 1620.0,
      "total_price": 112428.0
    }
  ],
  "statistics": {
    "min_price": 89976.0,
    "max_price": 121852.0,
    "avg_price": 105361.33333333333,
    "min_area": 53.3,
    "max_area": 74.0,
    "available_count": 0
  }
}