{
  "version": "1.0",
  "quarter": "30-Северная-Америка",
  "updated_at": "2025-09-22T17:42:35.888256",
  "total_apartments": 23,
  "apartments": [
    {
      "id": "1156",
      "apartment": "Квартира №6",
      "type": "Квартира",
      "quarter": "Квартал — 30 Северная Америка",
      "status": "Статус: Сдано",
      "address": "улица Лейтенанта Кижеватова, дом 3В",
      "location": "Местоположение: Минск Мир, Дом 30.10",
      "house_number": "30.10",
      "house_name": "Лос-Анжелес",
      "floor": "Этаж: 1",
      "floor_total": "Этажность дома: 25",
      "area": 64.5,
      "price_per_sqm": 1670.0,
      "total_price": 114395.0
    },
    {
      "id": "1754",
      "apartment": "Квартира №1",
      "type": "Квартира",
      "quarter": "Квартал — 30 Северная Америка",
      "status": "Статус: Сдано",
      "address": "улица Лейтенанта Кижеватова, дом 3А",
      "location": "Местоположение: Минск Мир, Дом 30.12",
      "house_number": "30.12",
      "house_name": "Квебек",
      "floor": "Этаж: 1",
      "floor_total": "Этажность дома: 20",
      "area": 48.8,
      "price_per_sqm": 1690.0,
      "total_price": 88894.0
    },
    {
      "id": "1774",
      "apartment": "Квартира №15",
      "type": "Квартира",
      "quarter": "Квартал — 30 Северная Америка",
      "status": "Статус: Сдано",
      "address": "улица Лейтенанта Кижеватова, дом 3Г",
      "location": "Местоположение: Минск Мир, Дом 30.9",
      "house_number": "30.9",
      "house_name": "Нью Орлеан",
      "floor": "Этаж: 2",
      "floor_total": "Этажность дома: 25",
      "area": 67.3,
      "price_per_sqm": 1440.0,
      "total_price": 101952.0
    },
    {
      "id": "1775",
      "apartment": "Квартира №63",
      "type": "Квартира",
      "quarter": "Квартал — 30 Северная Америка",
      "status": "Статус: Сдано",
      "address": "улица Лейтенанта Кижеватова, дом 3Г",
      "location": "Местоположение: Минск Мир, Дом 30.9",
      "house_number": "30.9",
      "house_name": "Нью Орлеан",
      "floor": "Этаж: 6",
      "floor_total": "Этажность дома: 25",
      "area": 68.7,
      "price_per_sqm": 1440.0,
      "total_price": 103392.0
    },
    {
      "id": "1776",
      "apartment": "Квартира №5",
      "type": "Квартира",
      "quarter": "Квартал — 30 Северная Америка",
      "status": "Статус: Сдано",
      "address": "улица Лейтенанта Кижеватова, дом 3Г",
      "location": "Местоположение: Минск Мир, Дом 30.9",
      "house_number": "30.9",
      "house_name": "Нью Орлеан",
      "floor": "Этаж: 1",
      "floor_total": "Этажность дома: 25",
      "area": 67.5,
      "price_per_sqm": 1620.0,
      "total_price": 112266.0
    },
    {
      "id": "1777",
      "apartment": "Квартира №6",
      "type": "Квартира",
      "quarter": "Квартал — 30 Северная Америка",
      "status": "Статус: Сдано",
      "address": "улица Лейтенанта Кижеватова, дом 3А",
      "location": "Местоположение: Минск Мир, Дом 30.12",
      "house_number": "30.12",
      "house_name": "Квебек",
      "floor": "Этаж: 1",
      "floor_total": "Этажность дома: 20",
      "area": 64.7,
      "price_per_sqm": 1670.0,
      "total_price": 114562.0
    },
    {
      "id": "1799",
      "apartment": "Квартира №135",
      "type": "Квартира",
      "quarter": "Квартал — 30 Северная Америка",
      "status": "Статус: Сдано",
      "address": "улица Лейтенанта Кижеватова, дом 3Г",
      "location": "Местоположение: Минск Мир, Дом 30.9",
      "house_number": "30.9",
      "house_name": "Нью Орлеан",
      "floor": "Этаж: 12",
      "floor_total": "Этажность дома: 25",
      "area": 68.0,
      "price_per_sqm": 1440.0,
      "total_price": 102672.0
    },
    {
      "id": "1800",
      "apartment": "Квартира №22",
      "type": "Квартира",
      "quarter": "Квартал — 30 Северная Америка",
      "status": "Статус: Сдано",
      "address": "улица Лейтенанта Кижеватова, дом 3Г",
      "location": "Местоположение: Минск Мир, Дом 30.9",
      "house_number": "30.9",
      "house_name": "Нью Орлеан",
      "floor": "Этаж: 3",
      "floor_total": "Этажность дома: 25",
      "area": 67.7,
      "price_per_sqm": 1440.0,
      "total_price": 102528.0
    },
    {
      "id": "1801",
      "apartment": "Квартира №12",
      "type": "Квартира",
      "quarter": "Квартал — 30 Северная Америка",
      "status": "Статус: Сдано",
      "address": "улица Лейтенанта Кижеватова, дом 3Г",
      "location": "Местоположение: Минск Мир, Дом 30.9",
      "house_number": "30.9",
      "house_name": "Нью Орлеан",
      "floor": "Этаж: 2",
      "floor_total": "Этажность дома: 25",
      "area": 67.6,
      "price_per_sqm": 1440.0,
      "total_price": 102240.0
    },
    {
      "id": "1802",
      "apartment": "Квартира №123",
      "type": "Квартира",
      "quarter": "Квартал — 30 Северная Америка",
      "status": "Статус: Сдано",
      "address": "улица Лейтенанта Кижеватова, дом 3Г",
      "location": "Местоположение: Минск Мир, Дом 30.9",
      "house_number": "30.9",
      "house_name": "Нью Орлеан",
      "floor": "Этаж: 11",
      "floor_total": "Этажность дома: 25",
      "area": 67.8,
      "price_per_sqm": 1440.0,
      "total_price": 102384.0
    },
    {
      "id": "1803",
      "apartment": "Квартира №27",
      "type": "Квартира",
      "quarter": "Квартал — 30 Северная Америка",
      "status": "Статус: Сдано",
      "address": "улица Лейтенанта Кижеватова, дом 3Г",
      "location": "Местоположение: Минск Мир, Дом 30.9",
      "house_number": "30.9",
      "house_name": "Нью Орлеан",
      "floor": "Этаж: 3",
      "floor_total": "Этажность дома: 25",
      "area": 67.9,
      "price_per_sqm": 1440.0,
      "total_price": 102816.0
    },
    {
      "id": "1804",
      "apartment": "Квартира №171",
      "type": "Квартира",
      "quarter": "Квартал — 30 Северная Америка",
      "status": "Статус: Сдано",
      "address": "улица Лейтенанта Кижеватова, дом 3Г",
      "location": "Местоположение: Минск Мир, Дом 30.9",
      "house_number": "30.9",
      "house_name": "Нью Орлеан",
      "floor": "Этаж: 15",
      "floor_total": "Этажность дома: 25",
      "area": 67.9,
      "price_per_sqm": 1440.0,
      "total_price": 102528.0
    },
    {
      "id": "1805",
      "apartment": "Квартира №14",
      "type": "Квартира",
      "quarter": "Квартал — 30 Северная Америка",
      "status": "Статус: Сдано",
      "address": "улица Лейтенанта Кижеватова, дом 3Г",
      "location": "Местоположение: Минск Мир, Дом 30.9",
      "house_number": "30.9",
      "house_name": "Нью Орлеан",
      "floor": "Этаж: 2",
      "floor_total": "Этажность дома: 25",
      "area": 73.9,
      "price_per_sqm": 1440.0,
      "total_price": 108720.0
    },
    {
      "id": "4193",
      "apartment": "Квартира №5",
      "type": "Квартира",
      "quarter": "Квартал — 30 Северная Америка",
      "status": "Статус: Сдано",
      "address": "улица Леонида Левина, дом 13",
      "location": "Местоположение: Минск Мир, Дом 30.1",
      "house_number": "30.1",
      "house_name": "Лос-Анжелес",
      "floor": "Этаж: 1",
      "floor_total": "Этажность дома: 25",
      "area": 36.8,
      "price_per_sqm": 1650.0,
      "total_price": 60720.0
    },
    {
      "id": "4739",
      "apartment": "Квартира №51",
      "type": "Квартира",
      "quarter": "Квартал — 30 Северная Америка",
      "status": "Статус: Сдано",
      "address": "улица Белградская, дом 16",
      "location": "Местоположение: Минск Мир, Дом 30.7",
      "house_number": "30.7",
      "house_name": "Нью-Йорк",
      "floor": "Этаж: 5",
      "floor_total": "Этажность дома: 25",
      "area": 67.9,
      "price_per_sqm": 1440.0,
      "total_price": 102816.0
    },
    {
      "id": "4740",
      "apartment": "Квартира №13",
      "type": "Квартира",
      "quarter": "Квартал — 30 Северная Америка",
      "status": "Статус: Сдано",
      "address": "улица Белградская, дом 16",
      "location": "Местоположение: Минск Мир, Дом 30.7",
      "house_number": "30.7",
      "house_name": "Нью-Йорк",
      "floor": "Этаж: 2",
      "floor_total": "Этажность дома: 25",
      "area": 73.4,
      "price_per_sqm": 1440.0,
      "total_price": 107856.0
    },
    {
      "id": "4741",
      "apartment": "Квартира №12",
      "type": "Квартира",
      "quarter": "Квартал — 30 Северная Америка",
      "status": "Статус: Сдано",
      "address": "улица Белградская, дом 16",
      "location": "Местоположение: Минск Мир, Дом 30.7",
      "house_number": "30.7",
      "house_name": "Нью-Йорк",
      "floor": "Этаж: 2",
      "floor_total": "Этажность дома: 25",
      "area": 67.4,
      "price_per_sqm": 1440.0,
      "total_price": 102096.0
    },
    {
      "id": "4742",
      "apartment": "Квартира №14",
      "type": "Квартира",
      "quarter": "Квартал — 30 Северная Америка",
      "status": "Статус: Сдано",
      "address": "улица Белградская, дом 16",
      "location": "Местоположение: Минск Мир, Дом 30.7",
      "house_number": "30.7",
      "house_name": "Нью-Йорк",
      "floor": "Этаж: 2",
      "floor_total": "Этажность дома: 25",
      "area": 72.8,
      "price_per_sqm": 1440.0,
      "total_price": 106992.0
    },
    {
      "id": "4743",
      "apartment": "Квартира №27",
      "type": "Квартира",
      "quarter": "Квартал — 30 Северная Америка",
      "status": "Статус: Сдано",
      "address": "улица Белградская, дом 16",
      "location": "Местоположение: Минск Мир, Дом 30.7",
      "house_number": "30.7",
      "house_name": "Нью-Йорк",
      "floor": "Этаж: 3",
      "floor_total": "Этажность дома: 25",
      "area": 67.7,
      "price_per_sqm": 1440.0,
      "total_price": 102528.0
    },
    {
      "id": "4744",
      "apartment": "Квартира №5",
      "type": "Квартира",
      "quarter": "Квартал — 30 Северная Америка",
      "status": "Статус: Сдано",
      "address": "улица Белградская, дом 16",
      "location": "Местоположение: Минск Мир, Дом 30.7",
      "house_number": "30.7",
      "house_name": "Нью-Йорк",
      "floor": "Этаж: 1",
      "floor_total": "Этажность дома: 25",
      "area": 67.2,
      "price_per_sqm": 1620.0,
      "total_price": 111780.0
    },
    {
      "id": "4745",
      "apartment": "Квартира №15",
      "type": "Квартира",
      "quarter": "Квартал — 30 Северная Америка",
      "status": "Статус: Сдано",
      "address": "улица Белградская, дом 16",
      "location": "Местоположение: Минск Мир, Дом 30.7",
      "house_number": "30.7",
      "house_name": "Нью-Йорк",
      "floor": "Этаж: 2",
      "floor_total": "Этажность дома: 25",
      "area": 67.8,
      "price_per_sqm": 1440.0,
      "total_price": 102528.0
    },
    {
      "id": "7680",
      "apartment": "Квартира №5",
      "type": "Квартира",
      "quarter": "Квартал — 30 Северная Америка",
      "status": "Статус: Сдано",
      "address": "улица Лейтенанта Кижеватова, дом 3Д",
      "location": "Местоположение: Минск Мир, Дом 30.8",
      "house_number": "30.8",
      "house_name": "Майами",
      "floor": "Этаж: 1",
      "floor_total": "Этажность дома: 25",
      "area": 69.4,
      "price_per_sqm": 1600.0,
      "total_price": 113920.0
    },
    {
      "id": "7681",
      "apartment": "Квартира №6",
      "type": "Квартира",
      "quarter": "Квартал — 30 Северная Америка",
      "status": "Статус: Сдано",
      "address": "улица Лейтенанта Кижеватова, дом 3Д",
      "location": "Местоположение: Минск Мир, Дом 30.8",
      "house_number": "30.8",
      "house_name": "Майами",
      "floor": "Этаж: 1",
      "floor_total": "Этажность дома: 25",
      "area": 55.0,
      "price_per_sqm": 1630.0,
      "total_price": 92747.0
    }
  ],
  "statistics": {
    "min_price": 60720.0,
    "max_price": 114562.0,
    "avg_price": 102753.56521739131,
    "min_area": 36.8,
    "max_area": 73.9,
    "available_count": 0
  }
}