{
  "version": "1.0",
  "quarter": "7-Средиземноморский",
  "updated_at": "2025-09-22T17:42:35.878271",
  "total_apartments": 107,
  "apartments": [
    {
      "id": "14",
      "apartment": "Квартира №1",
      "type": "Квартира",
      "quarter": "Квартал — 7 Средиземноморский",
      "status": "Статус: Сдано",
      "address": "улица Игоря Лученка, дом 23",
      "location": "Местоположение: Минск Мир, Дом 7.3",
      "house_number": "7.3",
      "house_name": "Ро́дос",
      "floor": "Этаж: 1",
      "floor_total": "Этажность дома: 10",
      "area": 50.8,
      "price_per_sqm": 1800.0,
      "total_price": 97020.0
    },
    {
      "id": "15",
      "apartment": "Квартира №16",
      "type": "Квартира",
      "quarter": "Квартал — 7 Средиземноморский",
      "status": "Статус: Сдано",
      "address": "улица Игоря Лученка, дом 23",
      "location": "Местоположение: Минск Мир, Дом 7.3",
      "house_number": "7.3",
      "house_name": "Ро́дос",
      "floor": "Этаж: 2",
      "floor_total": "Этажность дома: 10",
      "area": 65.6,
      "price_per_sqm": 1550.0,
      "total_price": 106175.0
    },
    {
      "id": "16",
      "apartment": "Квартира №83",
      "type": "Квартира",
      "quarter": "Квартал — 7 Средиземноморский",
      "status": "Статус: Строящаяся квартира",
      "address": "",
      "location": "Местоположение: Минск Мир, Дом 7.12",
      "house_number": "7.12",
      "house_name": "Анталья",
      "floor": "Этаж: 10",
      "floor_total": "Этажность дома: 14",
      "area": 61.57,
      "price_per_sqm": 1899.0,
      "total_price": 116921.0
    },
    {
      "id": "17",
      "apartment": "Квартира №63",
      "type": "Квартира",
      "quarter": "Квартал — 7 Средиземноморский",
      "status": "Статус: Строящаяся квартира",
      "address": "",
      "location": "Местоположение: Минск Мир, Дом 7.12",
      "house_number": "7.12",
      "house_name": "Анталья",
      "floor": "Этаж: 8",
      "floor_total": "Этажность дома: 14",
      "area": 60.74,
      "price_per_sqm": 1899.0,
      "total_price": 115345.0
    },
    {
      "id": "18",
      "apartment": "Квартира №69",
      "type": "Квартира",
      "quarter": "Квартал — 7 Средиземноморский",
      "status": "Статус: Строящаяся квартира",
      "address": "",
      "location": "Местоположение: Минск Мир, Дом 7.12",
      "house_number": "7.12",
      "house_name": "Анталья",
      "floor": "Этаж: 8",
      "floor_total": "Этажность дома: 14",
      "area": 52.24,
      "price_per_sqm": 1920.0,
      "total_price": 100301.0
    },
    {
      "id": "19",
      "apartment": "Квартира №12",
      "type": "Квартира",
      "quarter": "Квартал — 7 Средиземноморский",
      "status": "Статус: Строящаяся квартира",
      "address": "",
      "location": "Местоположение: Минск Мир, Дом 7.12",
      "house_number": "7.12",
      "house_name": "Анталья",
      "floor": "Этаж: 3",
      "floor_total": "Этажность дома: 14",
      "area": 52.24,
      "price_per_sqm": 1920.0,
      "total_price": 100301.0
    },
    {
      "id": "77",
      "apartment": "Квартира №78",
      "type": "Квартира",
      "quarter": "Квартал — 7 Средиземноморский",
      "status": "Статус: Строящаяся квартира",
      "address": "",
      "location": "Местоположение: Минск Мир, Дом 7.12",
      "house_number": "7.12",
      "house_name": "Анталья",
      "floor": "Этаж: 9",
      "floor_total": "Этажность дома: 14",
      "area": 61.87,
      "price_per_sqm": 1899.0,
      "total_price": 117491.0
    },
    {
      "id": "78",
      "apartment": "Квартира №38",
      "type": "Квартира",
      "quarter": "Квартал — 7 Средиземноморский",
      "status": "Статус: Строящаяся квартира",
      "address": "",
      "location": "Местоположение: Минск Мир, Дом 7.12",
      "house_number": "7.12",
      "house_name": "Анталья",
      "floor": "Этаж: 5",
      "floor_total": "Этажность дома: 14",
      "area": 60.74,
      "price_per_sqm": 1899.0,
      "total_price": 115345.0
    },
    {
      "id": "79",
      "apartment": "Квартира №15",
      "type": "Квартира",
      "quarter": "Квартал — 7 Средиземноморский",
      "status": "Статус: Строящаяся квартира",
      "address": "",
      "location": "Местоположение: Минск Мир, Дом 7.12",
      "house_number": "7.12",
      "house_name": "Анталья",
      "floor": "Этаж: 3",
      "floor_total": "Этажность дома: 14",
      "area": 41.45,
      "price_per_sqm": 1950.0,
      "total_price": 80827.5
    },
    {
      "id": "80",
      "apartment": "Квартира №33",
      "type": "Квартира",
      "quarter": "Квартал — 7 Средиземноморский",
      "status": "Статус: Строящаяся квартира",
      "address": "",
      "location": "Местоположение: Минск Мир, Дом 7.12",
      "house_number": "7.12",
      "house_name": "Анталья",
      "floor": "Этаж: 5",
      "floor_total": "Этажность дома: 14",
      "area": 61.87,
      "price_per_sqm": 1899.0,
      "total_price": 117491.0
    },
    {
      "id": "81",
      "apartment": "Квартира №98",
      "type": "Квартира",
      "quarter": "Квартал — 7 Средиземноморский",
      "status": "Статус: Строящаяся квартира",
      "address": "",
      "location": "Местоположение: Минск Мир, Дом 7.12",
      "house_number": "7.12",
      "house_name": "Анталья",
      "floor": "Этаж: 11",
      "floor_total": "Этажность дома: 14",
      "area": 61.57,
      "price_per_sqm": 1899.0,
      "total_price": 116921.0
    },
    {
      "id": "82",
      "apartment": "Квартира №52",
      "type": "Квартира",
      "quarter": "Квартал — 7 Средиземноморский",
      "status": "Статус: Строящаяся квартира",
      "address": "",
      "location": "Местоположение: Минск Мир, Дом 7.12",
      "house_number": "7.12",
      "house_name": "Анталья",
      "floor": "Этаж: 7",
      "floor_total": "Этажность дома: 14",
      "area": 52.24,
      "price_per_sqm": 1920.0,
      "total_price": 100301.0
    },
    {
      "id": "83",
      "apartment": "Квартира №16",
      "type": "Квартира",
      "quarter": "Квартал — 7 Средиземноморский",
      "status": "Статус: Строящаяся квартира",
      "address": "",
      "location": "Местоположение: Минск Мир, Дом 7.12",
      "house_number": "7.12",
      "house_name": "Анталья",
      "floor": "Этаж: 3",
      "floor_total": "Этажность дома: 14",
      "area": 41.45,
      "price_per_sqm": 1950.0,
      "total_price": 80828.0
    },
    {
      "id": "84",
      "apartment": "Квартира №13",
      "type": "Квартира",
      "quarter": "Квартал — 7 Средиземноморский",
      "status": "Статус: Строящаяся квартира",
      "address": "",
      "location": "Местоположение: Минск Мир, Дом 7.12",
      "house_number": "7.12",
      "house_name": "Анталья",
      "floor": "Этаж: 3",
      "floor_total": "Этажность дома: 14",
      "area": 61.87,
      "price_per_sqm": 1899.0,
      "total_price": 117491.0
    },
    {
      "id": "85",
      "apartment": "Квартира №5",
      "type": "Квартира",
      "quarter": "Квартал — 7 Средиземноморский",
      "status": "Статус: Строящаяся квартира",
      "address": "",
      "location": "Местоположение: Минск Мир, Дом 7.12",
      "house_number": "7.12",
      "house_name": "Анталья",
      "floor": "Этаж: 2",
      "floor_total": "Этажность дома: 14",
      "area": 41.45,
      "price_per_sqm": 1950.0,
      "total_price": 80828.0
    },
    {
      "id": "86",
      "apartment": "Квартира №3",
      "type": "Квартира",
      "quarter": "Квартал — 7 Средиземноморский",
      "status": "Статус: Строящаяся квартира",
      "address": "",
      "location": "Местоположение: Минск Мир, Дом 7.12",
      "house_number": "7.12",
      "house_name": "Анталья",
      "floor": "Этаж: 2",
      "floor_total": "Этажность дома: 14",
      "area": 63.69,
      "price_per_sqm": 1899.0,
      "total_price": 120947.0
    },
    {
      "id": "188",
      "apartment": "Квартира №35",
      "type": "Квартира",
      "quarter": "Квартал — 7 Средиземноморский",
      "status": "Статус: Строящаяся квартира",
      "address": "",
      "location": "Местоположение: Минск Мир, Дом 7.12",
      "house_number": "7.12",
      "house_name": "Анталья",
      "floor": "Этаж: 5",
      "floor_total": "Этажность дома: 14",
      "area": 41.45,
      "price_per_sqm": 1950.0,
      "total_price": 80828.0
    },
    {
      "id": "189",
      "apartment": "Квартира №2",
      "type": "Квартира",
      "quarter": "Квартал — 7 Средиземноморский",
      "status": "Статус: Строящаяся квартира",
      "address": "",
      "location": "Местоположение: Минск Мир, Дом 7.12",
      "house_number": "7.12",
      "house_name": "Анталья",
      "floor": "Этаж: 2",
      "floor_total": "Этажность дома: 14",
      "area": 57.4,
      "price_per_sqm": 1900.0,
      "total_price": 109060.0
    },
    {
      "id": "190",
      "apartment": "Квартира №28",
      "type": "Квартира",
      "quarter": "Квартал — 7 Средиземноморский",
      "status": "Статус: Строящаяся квартира",
      "address": "",
      "location": "Местоположение: Минск Мир, Дом 7.12",
      "house_number": "7.12",
      "house_name": "Анталья",
      "floor": "Этаж: 4",
      "floor_total": "Этажность дома: 14",
      "area": 61.87,
      "price_per_sqm": 1899.0,
      "total_price": 117491.0
    },
    {
      "id": "191",
      "apartment": "Квартира №19",
      "type": "Квартира",
      "quarter": "Квартал — 7 Средиземноморский",
      "status": "Статус: Строящаяся квартира",
      "address": "",
      "location": "Местоположение: Минск Мир, Дом 7.12",
      "house_number": "7.12",
      "house_name": "Анталья",
      "floor": "Этаж: 3",
      "floor_total": "Этажность дома: 14",
      "area": 52.24,
      "price_per_sqm": 1920.0,
      "total_price": 100301.0
    },
    {
      "id": "192",
      "apartment": "Квартира №119",
      "type": "Квартира",
      "quarter": "Квартал — 7 Средиземноморский",
      "status": "Статус: Строящаяся квартира",
      "address": "",
      "location": "Местоположение: Минск Мир, Дом 7.12",
      "house_number": "7.12",
      "house_name": "Анталья",
      "floor": "Этаж: 13",
      "floor_total": "Этажность дома: 14",
      "area": 51.94,
      "price_per_sqm": 1920.0,
      "total_price": 99725.0
    },
    {
      "id": "193",
      "apartment": "Квартира №39",
      "type": "Квартира",
      "quarter": "Квартал — 7 Средиземноморский",
      "status": "Статус: Строящаяся квартира",
      "address": "",
      "location": "Местоположение: Минск Мир, Дом 7.12",
      "house_number": "7.12",
      "house_name": "Анталья",
      "floor": "Этаж: 5",
      "floor_total": "Этажность дома: 14",
      "area": 52.24,
      "price_per_sqm": 1920.0,
      "total_price": 100301.0
    },
    {
      "id": "194",
      "apartment": "Квартира №99",
      "type": "Квартира",
      "quarter": "Квартал — 7 Средиземноморский",
      "status": "Статус: Строящаяся квартира",
      "address": "",
      "location": "Местоположение: Минск Мир, Дом 7.12",
      "house_number": "7.12",
      "house_name": "Анталья",
      "floor": "Этаж: 11",
      "floor_total": "Этажность дома: 14",
      "area": 51.94,
      "price_per_sqm": 1920.0,
      "total_price": 99725.0
    },
    {
      "id": "195",
      "apartment": "Пентхаус №129",
      "type": "Пентхаус",
      "quarter": "Квартал — 7 Средиземноморский",
      "status": "Статус: Строящаяся квартира",
      "address": "",
      "location": "Местоположение: Минск Мир, Дом 7.12",
      "house_number": "7.12",
      "house_name": "Анталья",
      "floor": "Этаж: 14",
      "floor_total": "Этажность дома: 14",
      "area": 51.94,
      "price_per_sqm": 1920.0,
      "total_price": 99725.0
    },
    {
      "id": "196",
      "apartment": "Пентхаус №123",
      "type": "Пентхаус",
      "quarter": "Квартал — 7 Средиземноморский",
      "status": "Статус: Строящаяся квартира",
      "address": "",
      "location": "Местоположение: Минск Мир, Дом 7.12",
      "house_number": "7.12",
      "house_name": "Анталья",
      "floor": "Этаж: 14",
      "floor_total": "Этажность дома: 14",
      "area": 61.57,
      "price_per_sqm": 1899.0,
      "total_price": 116921.0
    },
    {
      "id": "197",
      "apartment": "Квартира №8",
      "type": "Квартира",
      "quarter": "Квартал — 7 Средиземноморский",
      "status": "Статус: Строящаяся квартира",
      "address": "",
      "location": "Местоположение: Минск Мир, Дом 7.12",
      "house_number": "7.12",
      "house_name": "Анталья",
      "floor": "Этаж: 2",
      "floor_total": "Этажность дома: 14",
      "area": 63.69,
      "price_per_sqm": 1899.0,
      "total_price": 120947.0
    },
    {
      "id": "304",
      "apartment": "Квартира №9",
      "type": "Квартира",
      "quarter": "Квартал — 7 Средиземноморский",
      "status": "Статус: Строящаяся квартира",
      "address": "",
      "location": "Местоположение: Минск Мир, Дом 7.12",
      "house_number": "7.12",
      "house_name": "Анталья",
      "floor": "Этаж: 2",
      "floor_total": "Этажность дома: 14",
      "area": 57.4,
      "price_per_sqm": 1900.0,
      "total_price": 109060.0
    },
    {
      "id": "305",
      "apartment": "Квартира №53",
      "type": "Квартира",
      "quarter": "Квартал — 7 Средиземноморский",
      "status": "Статус: Строящаяся квартира",
      "address": "",
      "location": "Местоположение: Минск Мир, Дом 7.12",
      "house_number": "7.12",
      "house_name": "Анталья",
      "floor": "Этаж: 7",
      "floor_total": "Этажность дома: 14",
      "area": 60.74,
      "price_per_sqm": 1899.0,
      "total_price": 115345.0
    },
    {
      "id": "306",
      "apartment": "Квартира №88",
      "type": "Квартира",
      "quarter": "Квартал — 7 Средиземноморский",
      "status": "Статус: Строящаяся квартира",
      "address": "",
      "location": "Местоположение: Минск Мир, Дом 7.12",
      "house_number": "7.12",
      "house_name": "Анталья",
      "floor": "Этаж: 10",
      "floor_total": "Этажность дома: 14",
      "area": 61.57,
      "price_per_sqm": 1899.0,
      "total_price": 116921.0
    },
    {
      "id": "307",
      "apartment": "Квартира №109",
      "type": "Квартира",
      "quarter": "Квартал — 7 Средиземноморский",
      "status": "Статус: Строящаяся квартира",
      "address": "",
      "location": "Местоположение: Минск Мир, Дом 7.12",
      "house_number": "7.12",
      "house_name": "Анталья",
      "floor": "Этаж: 12",
      "floor_total": "Этажность дома: 14",
      "area": 51.94,
      "price_per_sqm": 1920.0,
      "total_price": 99725.0
    },
    {
      "id": "308",
      "apartment": "Квартира №79",
      "type": "Квартира",
      "quarter": "Квартал — 7 Средиземноморский",
      "status": "Статус: Строящаяся квартира",
      "address": "",
      "location": "Местоположение: Минск Мир, Дом 7.12",
      "house_number": "7.12",
      "house_name": "Анталья",
      "floor": "Этаж: 9",
      "floor_total": "Этажность дома: 14",
      "area": 52.24,
      "price_per_sqm": 1920.0,
      "total_price": 100301.0
    },
    {
      "id": "309",
      "apartment": "Квартира №18",
      "type": "Квартира",
      "quarter": "Квартал — 7 Средиземноморский",
      "status": "Статус: Строящаяся квартира",
      "address": "",
      "location": "Местоположение: Минск Мир, Дом 7.12",
      "house_number": "7.12",
      "house_name": "Анталья",
      "floor": "Этаж: 3",
      "floor_total": "Этажность дома: 14",
      "area": 61.87,
      "price_per_sqm": 1899.0,
      "total_price": 117491.0
    },
    {
      "id": "310",
      "apartment": "Квартира №108",
      "type": "Квартира",
      "quarter": "Квартал — 7 Средиземноморский",
      "status": "Статус: Строящаяся квартира",
      "address": "",
      "location": "Местоположение: Минск Мир, Дом 7.12",
      "house_number": "7.12",
      "house_name": "Анталья",
      "floor": "Этаж: 12",
      "floor_total": "Этажность дома: 14",
      "area": 60.44,
      "price_per_sqm": 1899.0,
      "total_price": 114776.0
    },
    {
      "id": "311",
      "apartment": "Квартира №25",
      "type": "Квартира",
      "quarter": "Квартал — 7 Средиземноморский",
      "status": "Статус: Строящаяся квартира",
      "address": "",
      "location": "Местоположение: Минск Мир, Дом 7.12",
      "house_number": "7.12",
      "house_name": "Анталья",
      "floor": "Этаж: 4",
      "floor_total": "Этажность дома: 14",
      "area": 41.45,
      "price_per_sqm": 1950.0,
      "total_price": 80828.0
    },
    {
      "id": "312",
      "apartment": "Квартира №49",
      "type": "Квартира",
      "quarter": "Квартал — 7 Средиземноморский",
      "status": "Статус: Строящаяся квартира",
      "address": "",
      "location": "Местоположение: Минск Мир, Дом 7.12",
      "house_number": "7.12",
      "house_name": "Анталья",
      "floor": "Этаж: 6",
      "floor_total": "Этажность дома: 14",
      "area": 52.24,
      "price_per_sqm": 1920.0,
      "total_price": 100301.0
    },
    {
      "id": "313",
      "apartment": "Пентхаус №128",
      "type": "Пентхаус",
      "quarter": "Квартал — 7 Средиземноморский",
      "status": "Статус: Строящаяся квартира",
      "address": "",
      "location": "Местоположение: Минск Мир, Дом 7.12",
      "house_number": "7.12",
      "house_name": "Анталья",
      "floor": "Этаж: 14",
      "floor_total": "Этажность дома: 14",
      "area": 61.57,
      "price_per_sqm": 1899.0,
      "total_price": 116921.0
    },
    {
      "id": "369",
      "apartment": "Квартира №26",
      "type": "Квартира",
      "quarter": "Квартал — 7 Средиземноморский",
      "status": "Статус: Строящаяся квартира",
      "address": "",
      "location": "Местоположение: Минск Мир, Дом 7.12",
      "house_number": "7.12",
      "house_name": "Анталья",
      "floor": "Этаж: 4",
      "floor_total": "Этажность дома: 14",
      "area": 41.45,
      "price_per_sqm": 1950.0,
      "total_price": 80828.0
    },
    {
      "id": "370",
      "apartment": "Квартира №48",
      "type": "Квартира",
      "quarter": "Квартал — 7 Средиземноморский",
      "status": "Статус: Строящаяся квартира",
      "address": "",
      "location": "Местоположение: Минск Мир, Дом 7.12",
      "house_number": "7.12",
      "house_name": "Анталья",
      "floor": "Этаж: 6",
      "floor_total": "Этажность дома: 14",
      "area": 60.74,
      "price_per_sqm": 1899.0,
      "total_price": 115345.0
    },
    {
      "id": "371",
      "apartment": "Квартира №72",
      "type": "Квартира",
      "quarter": "Квартал — 7 Средиземноморский",
      "status": "Статус: Строящаяся квартира",
      "address": "",
      "location": "Местоположение: Минск Мир, Дом 7.12",
      "house_number": "7.12",
      "house_name": "Анталья",
      "floor": "Этаж: 9",
      "floor_total": "Этажность дома: 14",
      "area": 52.24,
      "price_per_sqm": 1920.0,
      "total_price": 100301.0
    },
    {
      "id": "372",
      "apartment": "Квартира №82",
      "type": "Квартира",
      "quarter": "Квартал — 7 Средиземноморский",
      "status": "Статус: Строящаяся квартира",
      "address": "",
      "location": "Местоположение: Минск Мир, Дом 7.12",
      "house_number": "7.12",
      "house_name": "Анталья",
      "floor": "Этаж: 10",
      "floor_total": "Этажность дома: 14",
      "area": 51.94,
      "price_per_sqm": 1920.0,
      "total_price": 99725.0
    },
    {
      "id": "373",
      "apartment": "Квартира №22",
      "type": "Квартира",
      "quarter": "Квартал — 7 Средиземноморский",
      "status": "Статус: Строящаяся квартира",
      "address": "",
      "location": "Местоположение: Минск Мир, Дом 7.12",
      "house_number": "7.12",
      "house_name": "Анталья",
      "floor": "Этаж: 4",
      "floor_total": "Этажность дома: 14",
      "area": 52.24,
      "price_per_sqm": 1920.0,
      "total_price": 100301.0
    },
    {
      "id": "374",
      "apartment": "Квартира №92",
      "type": "Квартира",
      "quarter": "Квартал — 7 Средиземноморский",
      "status": "Статус: Строящаяся квартира",
      "address": "",
      "location": "Местоположение: Минск Мир, Дом 7.12",
      "house_number": "7.12",
      "house_name": "Анталья",
      "floor": "Этаж: 11",
      "floor_total": "Этажность дома: 14",
      "area": 51.94,
      "price_per_sqm": 1920.0,
      "total_price": 99725.0
    },
    {
      "id": "375",
      "apartment": "Квартира №73",
      "type": "Квартира",
      "quarter": "Квартал — 7 Средиземноморский",
      "status": "Статус: Строящаяся квартира",
      "address": "",
      "location": "Местоположение: Минск Мир, Дом 7.12",
      "house_number": "7.12",
      "house_name": "Анталья",
      "floor": "Этаж: 9",
      "floor_total": "Этажность дома: 14",
      "area": 61.87,
      "price_per_sqm": 1899.0,
      "total_price": 117491.0
    },
    {
      "id": "376",
      "apartment": "Квартира №43",
      "type": "Квартира",
      "quarter": "Квартал — 7 Средиземноморский",
      "status": "Статус: Строящаяся квартира",
      "address": "",
      "location": "Местоположение: Минск Мир, Дом 7.12",
      "house_number": "7.12",
      "house_name": "Анталья",
      "floor": "Этаж: 6",
      "floor_total": "Этажность дома: 14",
      "area": 61.87,
      "price_per_sqm": 1899.0,
      "total_price": 117491.0
    },
    {
      "id": "377",
      "apartment": "Квартира №23",
      "type": "Квартира",
      "quarter": "Квартал — 7 Средиземноморский",
      "status": "Статус: Строящаяся квартира",
      "address": "",
      "location": "Местоположение: Минск Мир, Дом 7.12",
      "house_number": "7.12",
      "house_name": "Анталья",
      "floor": "Этаж: 4",
      "floor_total": "Этажность дома: 14",
      "area": 61.87,
      "price_per_sqm": 1899.0,
      "total_price": 117491.0
    },
    {
      "id": "378",
      "apartment": "Квартира №118",
      "type": "Квартира",
      "quarter": "Квартал — 7 Средиземноморский",
      "status": "Статус: Строящаяся квартира",
      "address": "",
      "location": "Местоположение: Минск Мир, Дом 7.12",
      "house_number": "7.12",
      "house_name": "Анталья",
      "floor": "Этаж: 13",
      "floor_total": "Этажность дома: 14",
      "area": 60.44,
      "price_per_sqm": 1899.0,
      "total_price": 114776.0
    },
    {
      "id": "438",
      "apartment": "Квартира №29",
      "type": "Квартира",
      "quarter": "Квартал — 7 Средиземноморский",
      "status": "Статус: Строящаяся квартира",
      "address": "",
      "location": "Местоположение: Минск Мир, Дом 7.12",
      "house_number": "7.12",
      "house_name": "Анталья",
      "floor": "Этаж: 4",
      "floor_total": "Этажность дома: 14",
      "area": 52.24,
      "price_per_sqm": 1920.0,
      "total_price": 100301.0
    },
    {
      "id": "439",
      "apartment": "Квартира №32",
      "type": "Квартира",
      "quarter": "Квартал — 7 Средиземноморский",
      "status": "Статус: Строящаяся квартира",
      "address": "",
      "location": "Местоположение: Минск Мир, Дом 7.12",
      "house_number": "7.12",
      "house_name": "Анталья",
      "floor": "Этаж: 5",
      "floor_total": "Этажность дома: 14",
      "area": 52.24,
      "price_per_sqm": 1920.0,
      "total_price": 100301.0
    },
    {
      "id": "440",
      "apartment": "Квартира №89",
      "type": "Квартира",
      "quarter": "Квартал — 7 Средиземноморский",
      "status": "Статус: Строящаяся квартира",
      "address": "",
      "location": "Местоположение: Минск Мир, Дом 7.12",
      "house_number": "7.12",
      "house_name": "Анталья",
      "floor": "Этаж: 10",
      "floor_total": "Этажность дома: 14",
      "area": 51.94,
      "price_per_sqm": 1920.0,
      "total_price": 99725.0
    },
    {
      "id": "441",
      "apartment": "Пентхаус №122",
      "type": "Пентхаус",
      "quarter": "Квартал — 7 Средиземноморский",
      "status": "Статус: Строящаяся квартира",
      "address": "",
      "location": "Местоположение: Минск Мир, Дом 7.12",
      "house_number": "7.12",
      "house_name": "Анталья",
      "floor": "Этаж: 14",
      "floor_total": "Этажность дома: 14",
      "area": 51.94,
      "price_per_sqm": 1920.0,
      "total_price": 99725.0
    },
    {
      "id": "442",
      "apartment": "Квартира №112",
      "type": "Квартира",
      "quarter": "Квартал — 7 Средиземноморский",
      "status": "Статус: Строящаяся квартира",
      "address": "",
      "location": "Местоположение: Минск Мир, Дом 7.12",
      "house_number": "7.12",
      "house_name": "Анталья",
      "floor": "Этаж: 13",
      "floor_total": "Этажность дома: 14",
      "area": 51.94,
      "price_per_sqm": 1920.0,
      "total_price": 99725.0
    },
    {
      "id": "443",
      "apartment": "Квартира №58",
      "type": "Квартира",
      "quarter": "Квартал — 7 Средиземноморский",
      "status": "Статус: Строящаяся квартира",
      "address": "",
      "location": "Местоположение: Минск Мир, Дом 7.12",
      "house_number": "7.12",
      "house_name": "Анталья",
      "floor": "Этаж: 7",
      "floor_total": "Этажность дома: 14",
      "area": 61.87,
      "price_per_sqm": 1899.0,
      "total_price": 117491.0
    },
    {
      "id": "444",
      "apartment": "Квартира №59",
      "type": "Квартира",
      "quarter": "Квартал — 7 Средиземноморский",
      "status": "Статус: Строящаяся квартира",
      "address": "",
      "location": "Местоположение: Минск Мир, Дом 7.12",
      "house_number": "7.12",
      "house_name": "Анталья",
      "floor": "Этаж: 7",
      "floor_total": "Этажность дома: 14",
      "area": 52.24,
      "price_per_sqm": 1920.0,
      "total_price": 100301.0
    },
    {
      "id": "445",
      "apartment": "Квартира №6",
      "type": "Квартира",
      "quarter": "Квартал — 7 Средиземноморский",
      "status": "Статус: Строящаяся квартира",
      "address": "",
      "location": "Местоположение: Минск Мир, Дом 7.12",
      "house_number": "7.12",
      "house_name": "Анталья",
      "floor": "Этаж: 2",
      "floor_total": "Этажность дома: 14",
      "area": 41.45,
      "price_per_sqm": 1950.0,
      "total_price": 80828.0
    },
    {
      "id": "446",
      "apartment": "Квартира №68",
      "type": "Квартира",
      "quarter": "Квартал — 7 Средиземноморский",
      "status": "Статус: Строящаяся квартира",
      "address": "",
      "location": "Местоположение: Минск Мир, Дом 7.12",
      "house_number": "7.12",
      "house_name": "Анталья",
      "floor": "Этаж: 8",
      "floor_total": "Этажность дома: 14",
      "area": 61.87,
      "price_per_sqm": 1899.0,
      "total_price": 117491.0
    },
    {
      "id": "447",
      "apartment": "Квартира №55",
      "type": "Квартира",
      "quarter": "Квартал — 7 Средиземноморский",
      "status": "Статус: Строящаяся квартира",
      "address": "",
      "location": "Местоположение: Минск Мир, Дом 7.12",
      "house_number": "7.12",
      "house_name": "Анталья",
      "floor": "Этаж: 7",
      "floor_total": "Этажность дома: 14",
      "area": 41.45,
      "price_per_sqm": 1950.0,
      "total_price": 80828.0
    },
    {
      "id": "448",
      "apartment": "Квартира №113",
      "type": "Квартира",
      "quarter": "Квартал — 7 Средиземноморский",
      "status": "Статус: Строящаяся квартира",
      "address": "",
      "location": "Местоположение: Минск Мир, Дом 7.12",
      "house_number": "7.12",
      "house_name": "Анталья",
      "floor": "Этаж: 13",
      "floor_total": "Этажность дома: 14",
      "area": 61.57,
      "price_per_sqm": 1899.0,
      "total_price": 116921.0
    },
    {
      "id": "449",
      "apartment": "Квартира №46",
      "type": "Квартира",
      "quarter": "Квартал — 7 Средиземноморский",
      "status": "Статус: Строящаяся квартира",
      "address": "",
      "location": "Местоположение: Минск Мир, Дом 7.12",
      "house_number": "7.12",
      "house_name": "Анталья",
      "floor": "Этаж: 6",
      "floor_total": "Этажность дома: 14",
      "area": 41.45,
      "price_per_sqm": 1950.0,
      "total_price": 80828.0
    },
    {
      "id": "450",
      "apartment": "Квартира №42",
      "type": "Квартира",
      "quarter": "Квартал — 7 Средиземноморский",
      "status": "Статус: Строящаяся квартира",
      "address": "",
      "location": "Местоположение: Минск Мир, Дом 7.12",
      "house_number": "7.12",
      "house_name": "Анталья",
      "floor": "Этаж: 6",
      "floor_total": "Этажность дома: 14",
      "area": 52.24,
      "price_per_sqm": 1920.0,
      "total_price": 100301.0
    },
    {
      "id": "451",
      "apartment": "Квартира №36",
      "type": "Квартира",
      "quarter": "Квартал — 7 Средиземноморский",
      "status": "Статус: Строящаяся квартира",
      "address": "",
      "location": "Местоположение: Минск Мир, Дом 7.12",
      "house_number": "7.12",
      "house_name": "Анталья",
      "floor": "Этаж: 5",
      "floor_total": "Этажность дома: 14",
      "area": 41.45,
      "price_per_sqm": 1950.0,
      "total_price": 80828.0
    },
    {
      "id": "1635",
      "apartment": "Квартира №4",
      "type": "Квартира",
      "quarter": "Квартал — 7 Средиземноморский",
      "status": "Статус: Сдано",
      "address": "улица Игоря Лученка, дом 19",
      "location": "Местоположение: Минск Мир, Дом 7.4",
      "house_number": "7.4",
      "house_name": "Лимасо́л",
      "floor": "Этаж: 1",
      "floor_total": "Этажность дома: 10",
      "area": 67.1,
      "price_per_sqm": 1800.0,
      "total_price": 126000.0
    },
    {
      "id": "1636",
      "apartment": "Квартира №1",
      "type": "Квартира",
      "quarter": "Квартал — 7 Средиземноморский",
      "status": "Статус: Сдано",
      "address": "улица Игоря Лученка, дом 19",
      "location": "Местоположение: Минск Мир, Дом 7.4",
      "house_number": "7.4",
      "house_name": "Лимасо́л",
      "floor": "Этаж: 1",
      "floor_total": "Этажность дома: 10",
      "area": 62.8,
      "price_per_sqm": 1800.0,
      "total_price": 118260.0
    },
    {
      "id": "1773",
      "apartment": "Квартира №6",
      "type": "Квартира",
      "quarter": "Квартал — 7 Средиземноморский",
      "status": "Статус: Сдано",
      "address": "улица Николы Теслы, дом 26",
      "location": "Местоположение: Минск Мир, Дом 7.11",
      "house_number": "7.11",
      "house_name": "Монако",
      "floor": "Этаж: 2",
      "floor_total": "Этажность дома: 25",
      "area": 74.4,
      "price_per_sqm": 1440.0,
      "total_price": 109728.0
    },
    {
      "id": "2263",
      "apartment": "Квартира №6",
      "type": "Квартира",
      "quarter": "Квартал — 7 Средиземноморский",
      "status": "Статус: Сдано",
      "address": "улица Николы Теслы, дом 24",
      "location": "Местоположение: Минск Мир, Дом 7.10",
      "house_number": "7.10",
      "house_name": "Ибица",
      "floor": "Этаж: 1",
      "floor_total": "Этажность дома: 10",
      "area": 55.4,
      "price_per_sqm": 1800.0,
      "total_price": 103140.0
    },
    {
      "id": "2264",
      "apartment": "Квартира №4",
      "type": "Квартира",
      "quarter": "Квартал — 7 Средиземноморский",
      "status": "Статус: Сдано",
      "address": "улица Николы Теслы, дом 24",
      "location": "Местоположение: Минск Мир, Дом 7.10",
      "house_number": "7.10",
      "house_name": "Ибица",
      "floor": "Этаж: 1",
      "floor_total": "Этажность дома: 10",
      "area": 69.1,
      "price_per_sqm": 1800.0,
      "total_price": 127980.0
    },
    {
      "id": "2265",
      "apartment": "Квартира №5",
      "type": "Квартира",
      "quarter": "Квартал — 7 Средиземноморский",
      "status": "Статус: Сдано",
      "address": "улица Николы Теслы, дом 24",
      "location": "Местоположение: Минск Мир, Дом 7.10",
      "house_number": "7.10",
      "house_name": "Ибица",
      "floor": "Этаж: 1",
      "floor_total": "Этажность дома: 10",
      "area": 69.3,
      "price_per_sqm": 1800.0,
      "total_price": 128160.0
    },
    {
      "id": "2266",
      "apartment": "Квартира №3",
      "type": "Квартира",
      "quarter": "Квартал — 7 Средиземноморский",
      "status": "Статус: Сдано",
      "address": "улица Николы Теслы, дом 24",
      "location": "Местоположение: Минск Мир, Дом 7.10",
      "house_number": "7.10",
      "house_name": "Ибица",
      "floor": "Этаж: 1",
      "floor_total": "Этажность дома: 10",
      "area": 54.9,
      "price_per_sqm": 1800.0,
      "total_price": 102240.0
    },
    {
      "id": "4738",
      "apartment": "Квартира №9",
      "type": "Квартира",
      "quarter": "Квартал — 7 Средиземноморский",
      "status": "Статус: Строящаяся квартира",
      "address": "",
      "location": "Местоположение: Минск Мир, Дом 7.1",
      "house_number": "7.1",
      "house_name": "Ибица",
      "floor": "Этаж: 2",
      "floor_total": "Этажность дома: 10",
      "area": 57.49,
      "price_per_sqm": 1620.0,
      "total_price": 93134.0
    },
    {
      "id": "4877",
      "apartment": "Квартира №9",
      "type": "Квартира",
      "quarter": "Квартал — 7 Средиземноморский",
      "status": "Статус: Строящаяся квартира",
      "address": "",
      "location": "Местоположение: Минск Мир, Дом 7.13",
      "house_number": "7.13",
      "house_name": "Валлетта",
      "floor": "Этаж: 2",
      "floor_total": "Этажность дома: 10",
      "area": 57.87,
      "price_per_sqm": 1900.0,
      "total_price": 109953.0
    },
    {
      "id": "4878",
      "apartment": "Квартира №13",
      "type": "Квартира",
      "quarter": "Квартал — 7 Средиземноморский",
      "status": "Статус: Строящаяся квартира",
      "address": "",
      "location": "Местоположение: Минск Мир, Дом 7.13",
      "house_number": "7.13",
      "house_name": "Валлетта",
      "floor": "Этаж: 3",
      "floor_total": "Этажность дома: 10",
      "area": 63.22,
      "price_per_sqm": 1899.0,
      "total_price": 120055.0
    },
    {
      "id": "4901",
      "apartment": "Квартира №43",
      "type": "Квартира",
      "quarter": "Квартал — 7 Средиземноморский",
      "status": "Статус: Строящаяся квартира",
      "address": "",
      "location": "Местоположение: Минск Мир, Дом 7.13",
      "house_number": "7.13",
      "house_name": "Валлетта",
      "floor": "Этаж: 6",
      "floor_total": "Этажность дома: 10",
      "area": 62.09,
      "price_per_sqm": 1899.0,
      "total_price": 117909.0
    },
    {
      "id": "4902",
      "apartment": "Квартира №78",
      "type": "Квартира",
      "quarter": "Квартал — 7 Средиземноморский",
      "status": "Статус: Строящаяся квартира",
      "address": "",
      "location": "Местоположение: Минск Мир, Дом 7.13",
      "house_number": "7.13",
      "house_name": "Валлетта",
      "floor": "Этаж: 9",
      "floor_total": "Этажность дома: 10",
      "area": 61.95,
      "price_per_sqm": 1899.0,
      "total_price": 117643.0
    },
    {
      "id": "4903",
      "apartment": "Квартира №53",
      "type": "Квартира",
      "quarter": "Квартал — 7 Средиземноморский",
      "status": "Статус: Строящаяся квартира",
      "address": "",
      "location": "Местоположение: Минск Мир, Дом 7.13",
      "house_number": "7.13",
      "house_name": "Валлетта",
      "floor": "Этаж: 7",
      "floor_total": "Этажность дома: 10",
      "area": 62.09,
      "price_per_sqm": 1899.0,
      "total_price": 117909.0
    },
    {
      "id": "4904",
      "apartment": "Квартира №8",
      "type": "Квартира",
      "quarter": "Квартал — 7 Средиземноморский",
      "status": "Статус: Строящаяся квартира",
      "address": "",
      "location": "Местоположение: Минск Мир, Дом 7.13",
      "house_number": "7.13",
      "house_name": "Валлетта",
      "floor": "Этаж: 2",
      "floor_total": "Этажность дома: 10",
      "area": 69.98,
      "price_per_sqm": 1899.0,
      "total_price": 132892.0
    },
    {
      "id": "4905",
      "apartment": "Квартира №6",
      "type": "Квартира",
      "quarter": "Квартал — 7 Средиземноморский",
      "status": "Статус: Строящаяся квартира",
      "address": "",
      "location": "Местоположение: Минск Мир, Дом 7.13",
      "house_number": "7.13",
      "house_name": "Валлетта",
      "floor": "Этаж: 2",
      "floor_total": "Этажность дома: 10",
      "area": 41.18,
      "price_per_sqm": 1940.0,
      "total_price": 79889.0
    },
    {
      "id": "4906",
      "apartment": "Квартира №33",
      "type": "Квартира",
      "quarter": "Квартал — 7 Средиземноморский",
      "status": "Статус: Строящаяся квартира",
      "address": "",
      "location": "Местоположение: Минск Мир, Дом 7.13",
      "house_number": "7.13",
      "house_name": "Валлетта",
      "floor": "Этаж: 5",
      "floor_total": "Этажность дома: 10",
      "area": 63.22,
      "price_per_sqm": 1899.0,
      "total_price": 120055.0
    },
    {
      "id": "4907",
      "apartment": "Пентхаус №88",
      "type": "Пентхаус",
      "quarter": "Квартал — 7 Средиземноморский",
      "status": "Статус: Строящаяся квартира",
      "address": "",
      "location": "Местоположение: Минск Мир, Дом 7.13",
      "house_number": "7.13",
      "house_name": "Валлетта",
      "floor": "Этаж: 10",
      "floor_total": "Этажность дома: 10",
      "area": 61.95,
      "price_per_sqm": 1899.0,
      "total_price": 117643.0
    },
    {
      "id": "4908",
      "apartment": "Квартира №18",
      "type": "Квартира",
      "quarter": "Квартал — 7 Средиземноморский",
      "status": "Статус: Строящаяся квартира",
      "address": "",
      "location": "Местоположение: Минск Мир, Дом 7.13",
      "house_number": "7.13",
      "house_name": "Валлетта",
      "floor": "Этаж: 3",
      "floor_total": "Этажность дома: 10",
      "area": 61.95,
      "price_per_sqm": 1899.0,
      "total_price": 117643.0
    },
    {
      "id": "4909",
      "apartment": "Квартира №3",
      "type": "Квартира",
      "quarter": "Квартал — 7 Средиземноморский",
      "status": "Статус: Строящаяся квартира",
      "address": "",
      "location": "Местоположение: Минск Мир, Дом 7.13",
      "house_number": "7.13",
      "house_name": "Валлетта",
      "floor": "Этаж: 2",
      "floor_total": "Этажность дома: 10",
      "area": 65.04,
      "price_per_sqm": 1899.0,
      "total_price": 123511.0
    },
    {
      "id": "4910",
      "apartment": "Квартира №29",
      "type": "Квартира",
      "quarter": "Квартал — 7 Средиземноморский",
      "status": "Статус: Строящаяся квартира",
      "address": "",
      "location": "Местоположение: Минск Мир, Дом 7.13",
      "house_number": "7.13",
      "house_name": "Валлетта",
      "floor": "Этаж: 4",
      "floor_total": "Этажность дома: 10",
      "area": 52.92,
      "price_per_sqm": 1920.0,
      "total_price": 101606.0
    },
    {
      "id": "4936",
      "apartment": "Квартира №48",
      "type": "Квартира",
      "quarter": "Квартал — 7 Средиземноморский",
      "status": "Статус: Строящаяся квартира",
      "address": "",
      "location": "Местоположение: Минск Мир, Дом 7.13",
      "house_number": "7.13",
      "house_name": "Валлетта",
      "floor": "Этаж: 6",
      "floor_total": "Этажность дома: 10",
      "area": 63.22,
      "price_per_sqm": 1899.0,
      "total_price": 120055.0
    },
    {
      "id": "4937",
      "apartment": "Квартира №19",
      "type": "Квартира",
      "quarter": "Квартал — 7 Средиземноморский",
      "status": "Статус: Строящаяся квартира",
      "address": "",
      "location": "Местоположение: Минск Мир, Дом 7.13",
      "house_number": "7.13",
      "house_name": "Валлетта",
      "floor": "Этаж: 3",
      "floor_total": "Этажность дома: 10",
      "area": 52.92,
      "price_per_sqm": 1920.0,
      "total_price": 101606.0
    },
    {
      "id": "4938",
      "apartment": "Квартира №49",
      "type": "Квартира",
      "quarter": "Квартал — 7 Средиземноморский",
      "status": "Статус: Строящаяся квартира",
      "address": "",
      "location": "Местоположение: Минск Мир, Дом 7.13",
      "house_number": "7.13",
      "house_name": "Валлетта",
      "floor": "Этаж: 6",
      "floor_total": "Этажность дома: 10",
      "area": 52.92,
      "price_per_sqm": 1920.0,
      "total_price": 101606.0
    },
    {
      "id": "4939",
      "apartment": "Пентхаус №89",
      "type": "Пентхаус",
      "quarter": "Квартал — 7 Средиземноморский",
      "status": "Статус: Строящаяся квартира",
      "address": "",
      "location": "Местоположение: Минск Мир, Дом 7.13",
      "house_number": "7.13",
      "house_name": "Валлетта",
      "floor": "Этаж: 10",
      "floor_total": "Этажность дома: 10",
      "area": 52.92,
      "price_per_sqm": 1920.0,
      "total_price": 101606.0
    },
    {
      "id": "4940",
      "apartment": "Квартира №12",
      "type": "Квартира",
      "quarter": "Квартал — 7 Средиземноморский",
      "status": "Статус: Строящаяся квартира",
      "address": "",
      "location": "Местоположение: Минск Мир, Дом 7.13",
      "house_number": "7.13",
      "house_name": "Валлетта",
      "floor": "Этаж: 3",
      "floor_total": "Этажность дома: 10",
      "area": 52.92,
      "price_per_sqm": 1920.0,
      "total_price": 101606.0
    },
    {
      "id": "4941",
      "apartment": "Квартира №63",
      "type": "Квартира",
      "quarter": "Квартал — 7 Средиземноморский",
      "status": "Статус: Строящаяся квартира",
      "address": "",
      "location": "Местоположение: Минск Мир, Дом 7.13",
      "house_number": "7.13",
      "house_name": "Валлетта",
      "floor": "Этаж: 8",
      "floor_total": "Этажность дома: 10",
      "area": 63.22,
      "price_per_sqm": 1899.0,
      "total_price": 120055.0
    },
    {
      "id": "4942",
      "apartment": "Квартира №45",
      "type": "Квартира",
      "quarter": "Квартал — 7 Средиземноморский",
      "status": "Статус: Строящаяся квартира",
      "address": "",
      "location": "Местоположение: Минск Мир, Дом 7.13",
      "house_number": "7.13",
      "house_name": "Валлетта",
      "floor": "Этаж: 6",
      "floor_total": "Этажность дома: 10",
      "area": 41.18,
      "price_per_sqm": 1940.0,
      "total_price": 79889.0
    },
    {
      "id": "4943",
      "apartment": "Квартира №26",
      "type": "Квартира",
      "quarter": "Квартал — 7 Средиземноморский",
      "status": "Статус: Строящаяся квартира",
      "address": "",
      "location": "Местоположение: Минск Мир, Дом 7.13",
      "house_number": "7.13",
      "house_name": "Валлетта",
      "floor": "Этаж: 4",
      "floor_total": "Этажность дома: 10",
      "area": 41.18,
      "price_per_sqm": 1940.0,
      "total_price": 79889.0
    },
    {
      "id": "4944",
      "apartment": "Квартира №72",
      "type": "Квартира",
      "quarter": "Квартал — 7 Средиземноморский",
      "status": "Статус: Строящаяся квартира",
      "address": "",
      "location": "Местоположение: Минск Мир, Дом 7.13",
      "house_number": "7.13",
      "house_name": "Валлетта",
      "floor": "Этаж: 9",
      "floor_total": "Этажность дома: 10",
      "area": 52.92,
      "price_per_sqm": 1920.0,
      "total_price": 101606.0
    },
    {
      "id": "4945",
      "apartment": "Квартира №5",
      "type": "Квартира",
      "quarter": "Квартал — 7 Средиземноморский",
      "status": "Статус: Строящаяся квартира",
      "address": "",
      "location": "Местоположение: Минск Мир, Дом 7.13",
      "house_number": "7.13",
      "house_name": "Валлетта",
      "floor": "Этаж: 2",
      "floor_total": "Этажность дома: 10",
      "area": 41.18,
      "price_per_sqm": 1940.0,
      "total_price": 79889.0
    },
    {
      "id": "4971",
      "apartment": "Пентхаус №83",
      "type": "Пентхаус",
      "quarter": "Квартал — 7 Средиземноморский",
      "status": "Статус: Строящаяся квартира",
      "address": "",
      "location": "Местоположение: Минск Мир, Дом 7.13",
      "house_number": "7.13",
      "house_name": "Валлетта",
      "floor": "Этаж: 10",
      "floor_total": "Этажность дома: 10",
      "area": 63.22,
      "price_per_sqm": 1899.0,
      "total_price": 120055.0
    },
    {
      "id": "4972",
      "apartment": "Квартира №79",
      "type": "Квартира",
      "quarter": "Квартал — 7 Средиземноморский",
      "status": "Статус: Строящаяся квартира",
      "address": "",
      "location": "Местоположение: Минск Мир, Дом 7.13",
      "house_number": "7.13",
      "house_name": "Валлетта",
      "floor": "Этаж: 9",
      "floor_total": "Этажность дома: 10",
      "area": 52.92,
      "price_per_sqm": 1920.0,
      "total_price": 101606.0
    },
    {
      "id": "4973",
      "apartment": "Квартира №42",
      "type": "Квартира",
      "quarter": "Квартал — 7 Средиземноморский",
      "status": "Статус: Строящаяся квартира",
      "address": "",
      "location": "Местоположение: Минск Мир, Дом 7.13",
      "house_number": "7.13",
      "house_name": "Валлетта",
      "floor": "Этаж: 6",
      "floor_total": "Этажность дома: 10",
      "area": 52.92,
      "price_per_sqm": 1920.0,
      "total_price": 101606.0
    },
    {
      "id": "4974",
      "apartment": "Квартира №52",
      "type": "Квартира",
      "quarter": "Квартал — 7 Средиземноморский",
      "status": "Статус: Строящаяся квартира",
      "address": "",
      "location": "Местоположение: Минск Мир, Дом 7.13",
      "house_number": "7.13",
      "house_name": "Валлетта",
      "floor": "Этаж: 7",
      "floor_total": "Этажность дома: 10",
      "area": 52.92,
      "price_per_sqm": 1920.0,
      "total_price": 101606.0
    },
    {
      "id": "4975",
      "apartment": "Квартира №62",
      "type": "Квартира",
      "quarter": "Квартал — 7 Средиземноморский",
      "status": "Статус: Строящаяся квартира",
      "address": "",
      "location": "Местоположение: Минск Мир, Дом 7.13",
      "house_number": "7.13",
      "house_name": "Валлетта",
      "floor": "Этаж: 8",
      "floor_total": "Этажность дома: 10",
      "area": 52.92,
      "price_per_sqm": 1920.0,
      "total_price": 101606.0
    },
    {
      "id": "4976",
      "apartment": "Квартира №39",
      "type": "Квартира",
      "quarter": "Квартал — 7 Средиземноморский",
      "status": "Статус: Строящаяся квартира",
      "address": "",
      "location": "Местоположение: Минск Мир, Дом 7.13",
      "house_number": "7.13",
      "house_name": "Валлетта",
      "floor": "Этаж: 5",
      "floor_total": "Этажность дома: 10",
      "area": 52.92,
      "price_per_sqm": 1920.0,
      "total_price": 101606.0
    },
    {
      "id": "4977",
      "apartment": "Пентхаус №82",
      "type": "Пентхаус",
      "quarter": "Квартал — 7 Средиземноморский",
      "status": "Статус: Строящаяся квартира",
      "address": "",
      "location": "Местоположение: Минск Мир, Дом 7.13",
      "house_number": "7.13",
      "house_name": "Валлетта",
      "floor": "Этаж: 10",
      "floor_total": "Этажность дома: 10",
      "area": 52.92,
      "price_per_sqm": 1920.0,
      "total_price": 101606.0
    },
    {
      "id": "4978",
      "apartment": "Квартира №38",
      "type": "Квартира",
      "quarter": "Квартал — 7 Средиземноморский",
      "status": "Статус: Строящаяся квартира",
      "address": "",
      "location": "Местоположение: Минск Мир, Дом 7.13",
      "house_number": "7.13",
      "house_name": "Валлетта",
      "floor": "Этаж: 5",
      "floor_total": "Этажность дома: 10",
      "area": 62.09,
      "price_per_sqm": 1899.0,
      "total_price": 117909.0
    },
    {
      "id": "4979",
      "apartment": "Квартира №69",
      "type": "Квартира",
      "quarter": "Квартал — 7 Средиземноморский",
      "status": "Статус: Строящаяся квартира",
      "address": "",
      "location": "Местоположение: Минск Мир, Дом 7.13",
      "house_number": "7.13",
      "house_name": "Валлетта",
      "floor": "Этаж: 8",
      "floor_total": "Этажность дома: 10",
      "area": 52.92,
      "price_per_sqm": 1920.0,
      "total_price": 101606.0
    },
    {
      "id": "4980",
      "apartment": "Квартира №28",
      "type": "Квартира",
      "quarter": "Квартал — 7 Средиземноморский",
      "status": "Статус: Строящаяся квартира",
      "address": "",
      "location": "Местоположение: Минск Мир, Дом 7.13",
      "house_number": "7.13",
      "house_name": "Валлетта",
      "floor": "Этаж: 4",
      "floor_total": "Этажность дома: 10",
      "area": 62.09,
      "price_per_sqm": 1899.0,
      "total_price": 117909.0
    },
    {
      "id": "5019",
      "apartment": "Квартира №23",
      "type": "Квартира",
      "quarter": "Квартал — 7 Средиземноморский",
      "status": "Статус: Строящаяся квартира",
      "address": "",
      "location": "Местоположение: Минск Мир, Дом 7.13",
      "house_number": "7.13",
      "house_name": "Валлетта",
      "floor": "Этаж: 4",
      "floor_total": "Этажность дома: 10",
      "area": 63.22,
      "price_per_sqm": 1899.0,
      "total_price": 120055.0
    },
    {
      "id": "5020",
      "apartment": "Квартира №2",
      "type": "Квартира",
      "quarter": "Квартал — 7 Средиземноморский",
      "status": "Статус: Строящаяся квартира",
      "address": "",
      "location": "Местоположение: Минск Мир, Дом 7.13",
      "house_number": "7.13",
      "house_name": "Валлетта",
      "floor": "Этаж: 2",
      "floor_total": "Этажность дома: 10",
      "area": 58.09,
      "price_per_sqm": 1900.0,
      "total_price": 110371.0
    },
    {
      "id": "5021",
      "apartment": "Квартира №68",
      "type": "Квартира",
      "quarter": "Квартал — 7 Средиземноморский",
      "status": "Статус: Строящаяся квартира",
      "address": "",
      "location": "Местоположение: Минск Мир, Дом 7.13",
      "house_number": "7.13",
      "house_name": "Валлетта",
      "floor": "Этаж: 8",
      "floor_total": "Этажность дома: 10",
      "area": 61.95,
      "price_per_sqm": 1899.0,
      "total_price": 117643.0
    },
    {
      "id": "5022",
      "apartment": "Квартира №58",
      "type": "Квартира",
      "quarter": "Квартал — 7 Средиземноморский",
      "status": "Статус: Строящаяся квартира",
      "address": "",
      "location": "Местоположение: Минск Мир, Дом 7.13",
      "house_number": "7.13",
      "house_name": "Валлетта",
      "floor": "Этаж: 7",
      "floor_total": "Этажность дома: 10",
      "area": 63.22,
      "price_per_sqm": 1899.0,
      "total_price": 120055.0
    },
    {
      "id": "5023",
      "apartment": "Квартира №59",
      "type": "Квартира",
      "quarter": "Квартал — 7 Средиземноморский",
      "status": "Статус: Строящаяся квартира",
      "address": "",
      "location": "Местоположение: Минск Мир, Дом 7.13",
      "house_number": "7.13",
      "house_name": "Валлетта",
      "floor": "Этаж: 7",
      "floor_total": "Этажность дома: 10",
      "area": 52.92,
      "price_per_sqm": 1920.0,
      "total_price": 101606.0
    },
    {
      "id": "5024",
      "apartment": "Квартира №73",
      "type": "Квартира",
      "quarter": "Квартал — 7 Средиземноморский",
      "status": "Статус: Строящаяся квартира",
      "address": "",
      "location": "Местоположение: Минск Мир, Дом 7.13",
      "house_number": "7.13",
      "house_name": "Валлетта",
      "floor": "Этаж: 9",
      "floor_total": "Этажность дома: 10",
      "area": 63.22,
      "price_per_sqm": 1899.0,
      "total_price": 120055.0
    },
    {
      "id": "5025",
      "apartment": "Квартира №22",
      "type": "Квартира",
      "quarter": "Квартал — 7 Средиземноморский",
      "status": "Статус: Строящаяся квартира",
      "address": "",
      "location": "Местоположение: Минск Мир, Дом 7.13",
      "house_number": "7.13",
      "house_name": "Валлетта",
      "floor": "Этаж: 4",
      "floor_total": "Этажность дома: 10",
      "area": 52.92,
      "price_per_sqm": 1920.0,
      "total_price": 101606.0
    }
  ],
  "statistics": {
    "min_price": 79889.0,
    "max_price": 132892.0,
    "avg_price": 106279.97663551402,
    "min_area": 41.18,
    "max_area": 74.4,
    "available_count": 98
  }
}