{
  "version": "1.0",
  "quarter": "9-Южная-Америка",
  "updated_at": "2025-09-22T17:42:35.877693",
  "total_apartments": 36,
  "apartments": [
    {
      "id": "10",
      "apartment": "Квартира №1",
      "type": "Квартира",
      "quarter": "Квартал — 9 Южная Америка",
      "status": "Статус: Сдано",
      "address": "улица Леонида Щемелёва, дом 10",
      "location": "Местоположение: Минск Мир, Дом 9.6",
      "house_number": "9.6",
      "house_name": "Сан-Па́улу",
      "floor": "Этаж: 1",
      "floor_total": "Этажность дома: 25",
      "area": 40.8,
      "price_per_sqm": 1710.0,
      "total_price": 80712.0
    },
    {
      "id": "11",
      "apartment": "Квартира №16",
      "type": "Квартира",
      "quarter": "Квартал — 9 Южная Америка",
      "status": "Статус: Сдано",
      "address": "улица Леонида Щемелёва, дом 10",
      "location": "Местоположение: Минск Мир, Дом 9.6",
      "house_number": "9.6",
      "house_name": "Сан-Па́улу",
      "floor": "Этаж: 2",
      "floor_total": "Этажность дома: 25",
      "area": 60.1,
      "price_per_sqm": 1450.0,
      "total_price": 92075.0
    },
    {
      "id": "12",
      "apartment": "Квартира №6",
      "type": "Квартира",
      "quarter": "Квартал — 9 Южная Америка",
      "status": "Статус: Сдано",
      "address": "улица Леонида Щемелёва, дом 10",
      "location": "Местоположение: Минск Мир, Дом 9.6",
      "house_number": "9.6",
      "house_name": "Сан-Па́улу",
      "floor": "Этаж: 1",
      "floor_total": "Этажность дома: 25",
      "area": 59.7,
      "price_per_sqm": 1640.0,
      "total_price": 109880.0
    },
    {
      "id": "117",
      "apartment": "Квартира №5",
      "type": "Квартира",
      "quarter": "Квартал — 9 Южная Америка",
      "status": "Статус: Сдано",
      "address": "улица Николы Теслы, дом 30",
      "location": "Местоположение: Минск Мир, Дом 9.5",
      "house_number": "9.5",
      "house_name": "Монтевиде́о",
      "floor": "Этаж: 1",
      "floor_total": "Этажность дома: 25",
      "area": 70.0,
      "price_per_sqm": 1590.0,
      "total_price": 118137.0
    },
    {
      "id": "118",
      "apartment": "Квартира №1",
      "type": "Квартира",
      "quarter": "Квартал — 9 Южная Америка",
      "status": "Статус: Сдано",
      "address": "улица Николы Теслы, дом 30",
      "location": "Местоположение: Минск Мир, Дом 9.5",
      "house_number": "9.5",
      "house_name": "Монтевиде́о",
      "floor": "Этаж: 1",
      "floor_total": "Этажность дома: 25",
      "area": 40.6,
      "price_per_sqm": 1710.0,
      "total_price": 79002.0
    },
    {
      "id": "119",
      "apartment": "Квартира №6",
      "type": "Квартира",
      "quarter": "Квартал — 9 Южная Америка",
      "status": "Статус: Сдано",
      "address": "улица Николы Теслы, дом 30",
      "location": "Местоположение: Минск Мир, Дом 9.5",
      "house_number": "9.5",
      "house_name": "Монтевиде́о",
      "floor": "Этаж: 1",
      "floor_total": "Этажность дома: 25",
      "area": 59.4,
      "price_per_sqm": 1640.0,
      "total_price": 107092.0
    },
    {
      "id": "122",
      "apartment": "Квартира №15",
      "type": "Квартира",
      "quarter": "Квартал — 9 Южная Америка",
      "status": "Статус: Сдано",
      "address": "улица Николы Теслы, дом 28",
      "location": "Местоположение: Минск Мир, Дом 9.4",
      "house_number": "9.4",
      "house_name": "Бразилиа",
      "floor": "Этаж: 2",
      "floor_total": "Этажность дома: 25",
      "area": 60.2,
      "price_per_sqm": 1450.0,
      "total_price": 92220.0
    },
    {
      "id": "123",
      "apartment": "Квартира №5",
      "type": "Квартира",
      "quarter": "Квартал — 9 Южная Америка",
      "status": "Статус: Сдано",
      "address": "улица Николы Теслы, дом 28",
      "location": "Местоположение: Минск Мир, Дом 9.4",
      "house_number": "9.4",
      "house_name": "Бразилиа",
      "floor": "Этаж: 1",
      "floor_total": "Этажность дома: 25",
      "area": 70.1,
      "price_per_sqm": 1630.0,
      "total_price": 123717.0
    },
    {
      "id": "578",
      "apartment": "Квартира №145",
      "type": "Квартира",
      "quarter": "Квартал — 9 Южная Америка",
      "status": "Статус: Сдано",
      "address": "улица Леонида Щемелёва, дом 14",
      "location": "Местоположение: Минск Мир, Дом 9.7",
      "house_number": "9.7",
      "house_name": "Мехико-Сити",
      "floor": "Этаж: 1",
      "floor_total": "Этажность дома: 19",
      "area": 50.9,
      "price_per_sqm": 1550.0,
      "total_price": 99355.0
    },
    {
      "id": "2942",
      "apartment": "Квартира №9",
      "type": "Квартира",
      "quarter": "Квартал — 9 Южная Америка",
      "status": "Статус: Сдано",
      "address": "улица Жореса Алфёрова, дом 5",
      "location": "Местоположение: Минск Мир, Дом 9.1",
      "house_number": "9.1",
      "house_name": "Лима",
      "floor": "Этаж: 2",
      "floor_total": "Этажность дома: 21",
      "area": 70.8,
      "price_per_sqm": 1440.0,
      "total_price": 111312.0
    },
    {
      "id": "3418",
      "apartment": "Квартира №2",
      "type": "Квартира",
      "quarter": "Квартал — 9 Южная Америка",
      "status": "Статус: Сдано",
      "address": "улица Жореса Алфёрова, дом 1",
      "location": "Местоположение: Минск Мир, Дом 9.3",
      "house_number": "9.3",
      "house_name": "Богота́ ",
      "floor": "Этаж: 2",
      "floor_total": "Этажность дома: 21",
      "area": 57.4,
      "price_per_sqm": 1420.0,
      "total_price": 88466.0
    },
    {
      "id": "3451",
      "apartment": "Квартира №273",
      "type": "Квартира",
      "quarter": "Квартал — 9 Южная Америка",
      "status": "Статус: Сдано",
      "address": "улица Леонида Щемелёва, дом 14",
      "location": "Местоположение: Минск Мир, Дом 9.7",
      "house_number": "9.7",
      "house_name": "Мехико-Сити",
      "floor": "Этаж: 1",
      "floor_total": "Этажность дома: 19",
      "area": 41.6,
      "price_per_sqm": 1560.0,
      "total_price": 82992.0
    },
    {
      "id": "3452",
      "apartment": "Квартира №272",
      "type": "Квартира",
      "quarter": "Квартал — 9 Южная Америка",
      "status": "Статус: Сдано",
      "address": "улица Леонида Щемелёва, дом 14",
      "location": "Местоположение: Минск Мир, Дом 9.7",
      "house_number": "9.7",
      "house_name": "Мехико-Сити",
      "floor": "Этаж: 1",
      "floor_total": "Этажность дома: 19",
      "area": 41.7,
      "price_per_sqm": 1560.0,
      "total_price": 82680.0
    },
    {
      "id": "3984",
      "apartment": "Квартира №9",
      "type": "Квартира",
      "quarter": "Квартал — 9 Южная Америка",
      "status": "Статус: Сдано",
      "address": "улица Жореса Алфёрова, дом 3",
      "location": "Местоположение: Минск Мир, Дом 9.2",
      "house_number": "9.2",
      "house_name": "Сантьяго",
      "floor": "Этаж: 2",
      "floor_total": "Этажность дома: 21",
      "area": 71.0,
      "price_per_sqm": 1420.0,
      "total_price": 110050.0
    },
    {
      "id": "4735",
      "apartment": "Квартира №5",
      "type": "Квартира",
      "quarter": "Квартал — 9 Южная Америка",
      "status": "Статус: Сдано",
      "address": "улица Леонида Щемелёва, дом 16",
      "location": "Местоположение: Минск Мир, Дом 9.8",
      "house_number": "9.8",
      "house_name": "Панама-Сити ",
      "floor": "Этаж: 1",
      "floor_total": "Этажность дома: 19",
      "area": 59.2,
      "price_per_sqm": 1540.0,
      "total_price": 113806.0
    },
    {
      "id": "4736",
      "apartment": "Квартира №13",
      "type": "Квартира",
      "quarter": "Квартал — 9 Южная Америка",
      "status": "Статус: Сдано",
      "address": "улица Леонида Щемелёва, дом 16",
      "location": "Местоположение: Минск Мир, Дом 9.8",
      "house_number": "9.8",
      "house_name": "Панама-Сити ",
      "floor": "Этаж: 2",
      "floor_total": "Этажность дома: 19",
      "area": 59.0,
      "price_per_sqm": 1440.0,
      "total_price": 91728.0
    },
    {
      "id": "4737",
      "apartment": "Квартира №21",
      "type": "Квартира",
      "quarter": "Квартал — 9 Южная Америка",
      "status": "Статус: Сдано",
      "address": "улица Леонида Щемелёва, дом 16",
      "location": "Местоположение: Минск Мир, Дом 9.8",
      "house_number": "9.8",
      "house_name": "Панама-Сити ",
      "floor": "Этаж: 3",
      "floor_total": "Этажность дома: 19",
      "area": 58.9,
      "price_per_sqm": 1440.0,
      "total_price": 91584.0
    },
    {
      "id": "4746",
      "apartment": "Квартира №3",
      "type": "Квартира",
      "quarter": "Квартал — 9 Южная Америка",
      "status": "Статус: Сдано",
      "address": "улица Игоря Лученка, дом 29",
      "location": "Местоположение: Минск Мир, Дом 9.10",
      "house_number": "9.10",
      "house_name": "Лима",
      "floor": "Этаж: 1",
      "floor_total": "Этажность дома: 21",
      "area": 64.2,
      "price_per_sqm": 1690.0,
      "total_price": 116610.0
    },
    {
      "id": "7188",
      "apartment": "Квартира №170",
      "type": "Квартира",
      "quarter": "Квартал — 9 Южная Америка",
      "status": "Статус: Сдано",
      "address": "улица Леонида Щемелёва, дом 16",
      "location": "Местоположение: Минск Мир, Дом 9.8",
      "house_number": "9.8",
      "house_name": "Панама-Сити ",
      "floor": "Этаж: 4",
      "floor_total": "Этажность дома: 19",
      "area": 66.4,
      "price_per_sqm": 1430.0,
      "total_price": 98098.0
    },
    {
      "id": "7189",
      "apartment": "Квартира №165",
      "type": "Квартира",
      "quarter": "Квартал — 9 Южная Америка",
      "status": "Статус: Сдано",
      "address": "улица Леонида Щемелёва, дом 16",
      "location": "Местоположение: Минск Мир, Дом 9.8",
      "house_number": "9.8",
      "house_name": "Панама-Сити ",
      "floor": "Этаж: 4",
      "floor_total": "Этажность дома: 19",
      "area": 61.6,
      "price_per_sqm": 1430.0,
      "total_price": 95524.0
    },
    {
      "id": "7190",
      "apartment": "Квартира №152",
      "type": "Квартира",
      "quarter": "Квартал — 9 Южная Америка",
      "status": "Статус: Сдано",
      "address": "улица Леонида Щемелёва, дом 16",
      "location": "Местоположение: Минск Мир, Дом 9.8",
      "house_number": "9.8",
      "house_name": "Панама-Сити ",
      "floor": "Этаж: 1",
      "floor_total": "Этажность дома: 19",
      "area": 56.1,
      "price_per_sqm": 1640.0,
      "total_price": 110044.0
    },
    {
      "id": "7191",
      "apartment": "Квартира №150",
      "type": "Квартира",
      "quarter": "Квартал — 9 Южная Америка",
      "status": "Статус: Сдано",
      "address": "улица Леонида Щемелёва, дом 16",
      "location": "Местоположение: Минск Мир, Дом 9.8",
      "house_number": "9.8",
      "house_name": "Панама-Сити ",
      "floor": "Этаж: 1",
      "floor_total": "Этажность дома: 19",
      "area": 62.7,
      "price_per_sqm": 1540.0,
      "total_price": 125972.0
    },
    {
      "id": "7192",
      "apartment": "Квартира №224",
      "type": "Квартира",
      "quarter": "Квартал — 9 Южная Америка",
      "status": "Статус: Сдано",
      "address": "улица Леонида Щемелёва, дом 16",
      "location": "Местоположение: Минск Мир, Дом 9.8",
      "house_number": "9.8",
      "house_name": "Панама-Сити ",
      "floor": "Этаж: 13",
      "floor_total": "Этажность дома: 19",
      "area": 66.1,
      "price_per_sqm": 1430.0,
      "total_price": 97669.0
    },
    {
      "id": "7193",
      "apartment": "Квартира №177",
      "type": "Квартира",
      "quarter": "Квартал — 9 Южная Америка",
      "status": "Статус: Сдано",
      "address": "улица Леонида Щемелёва, дом 16",
      "location": "Местоположение: Минск Мир, Дом 9.8",
      "house_number": "9.8",
      "house_name": "Панама-Сити ",
      "floor": "Этаж: 6",
      "floor_total": "Этажность дома: 19",
      "area": 61.4,
      "price_per_sqm": 1430.0,
      "total_price": 95238.0
    },
    {
      "id": "7194",
      "apartment": "Квартира №153",
      "type": "Квартира",
      "quarter": "Квартал — 9 Южная Америка",
      "status": "Статус: Сдано",
      "address": "улица Леонида Щемелёва, дом 16",
      "location": "Местоположение: Минск Мир, Дом 9.8",
      "house_number": "9.8",
      "house_name": "Панама-Сити ",
      "floor": "Этаж: 2",
      "floor_total": "Этажность дома: 19",
      "area": 62.0,
      "price_per_sqm": 1430.0,
      "total_price": 96239.0
    },
    {
      "id": "7209",
      "apartment": "Квартира №206",
      "type": "Квартира",
      "quarter": "Квартал — 9 Южная Америка",
      "status": "Статус: Сдано",
      "address": "улица Леонида Щемелёва, дом 16",
      "location": "Местоположение: Минск Мир, Дом 9.8",
      "house_number": "9.8",
      "house_name": "Панама-Сити ",
      "floor": "Этаж: 10",
      "floor_total": "Этажность дома: 19",
      "area": 66.6,
      "price_per_sqm": 1430.0,
      "total_price": 98384.0
    },
    {
      "id": "7210",
      "apartment": "Квартира №200",
      "type": "Квартира",
      "quarter": "Квартал — 9 Южная Америка",
      "status": "Статус: Сдано",
      "address": "улица Леонида Щемелёва, дом 16",
      "location": "Местоположение: Минск Мир, Дом 9.8",
      "house_number": "9.8",
      "house_name": "Панама-Сити ",
      "floor": "Этаж: 9",
      "floor_total": "Этажность дома: 19",
      "area": 66.4,
      "price_per_sqm": 1430.0,
      "total_price": 98098.0
    },
    {
      "id": "7211",
      "apartment": "Квартира №176",
      "type": "Квартира",
      "quarter": "Квартал — 9 Южная Америка",
      "status": "Статус: Сдано",
      "address": "улица Леонида Щемелёва, дом 16",
      "location": "Местоположение: Минск Мир, Дом 9.8",
      "house_number": "9.8",
      "house_name": "Панама-Сити ",
      "floor": "Этаж: 5",
      "floor_total": "Этажность дома: 19",
      "area": 66.7,
      "price_per_sqm": 1430.0,
      "total_price": 98670.0
    },
    {
      "id": "7212",
      "apartment": "Квартира №164",
      "type": "Квартира",
      "quarter": "Квартал — 9 Южная Америка",
      "status": "Статус: Сдано",
      "address": "улица Леонида Щемелёва, дом 16",
      "location": "Местоположение: Минск Мир, Дом 9.8",
      "house_number": "9.8",
      "house_name": "Панама-Сити ",
      "floor": "Этаж: 3",
      "floor_total": "Этажность дома: 19",
      "area": 66.4,
      "price_per_sqm": 1430.0,
      "total_price": 98241.0
    },
    {
      "id": "7213",
      "apartment": "Квартира №159",
      "type": "Квартира",
      "quarter": "Квартал — 9 Южная Америка",
      "status": "Статус: Сдано",
      "address": "улица Леонида Щемелёва, дом 16",
      "location": "Местоположение: Минск Мир, Дом 9.8",
      "house_number": "9.8",
      "house_name": "Панама-Сити ",
      "floor": "Этаж: 3",
      "floor_total": "Этажность дома: 19",
      "area": 62.1,
      "price_per_sqm": 1430.0,
      "total_price": 96382.0
    },
    {
      "id": "7214",
      "apartment": "Квартира №218",
      "type": "Квартира",
      "quarter": "Квартал — 9 Южная Америка",
      "status": "Статус: Сдано",
      "address": "улица Леонида Щемелёва, дом 16",
      "location": "Местоположение: Минск Мир, Дом 9.8",
      "house_number": "9.8",
      "house_name": "Панама-Сити ",
      "floor": "Этаж: 12",
      "floor_total": "Этажность дома: 19",
      "area": 66.6,
      "price_per_sqm": 1430.0,
      "total_price": 98384.0
    },
    {
      "id": "7215",
      "apartment": "Квартира №183",
      "type": "Квартира",
      "quarter": "Квартал — 9 Южная Америка",
      "status": "Статус: Сдано",
      "address": "улица Леонида Щемелёва, дом 16",
      "location": "Местоположение: Минск Мир, Дом 9.8",
      "house_number": "9.8",
      "house_name": "Панама-Сити ",
      "floor": "Этаж: 7",
      "floor_total": "Этажность дома: 19",
      "area": 61.5,
      "price_per_sqm": 1430.0,
      "total_price": 95810.0
    },
    {
      "id": "7216",
      "apartment": "Квартира №158",
      "type": "Квартира",
      "quarter": "Квартал — 9 Южная Америка",
      "status": "Статус: Сдано",
      "address": "улица Леонида Щемелёва, дом 16",
      "location": "Местоположение: Минск Мир, Дом 9.8",
      "house_number": "9.8",
      "house_name": "Панама-Сити ",
      "floor": "Этаж: 2",
      "floor_total": "Этажность дома: 19",
      "area": 66.9,
      "price_per_sqm": 1430.0,
      "total_price": 98813.0
    },
    {
      "id": "7217",
      "apartment": "Квартира №182",
      "type": "Квартира",
      "quarter": "Квартал — 9 Южная Америка",
      "status": "Статус: Сдано",
      "address": "улица Леонида Щемелёва, дом 16",
      "location": "Местоположение: Минск Мир, Дом 9.8",
      "house_number": "9.8",
      "house_name": "Панама-Сити ",
      "floor": "Этаж: 6",
      "floor_total": "Этажность дома: 19",
      "area": 66.7,
      "price_per_sqm": 1430.0,
      "total_price": 98527.0
    },
    {
      "id": "7260",
      "apartment": "Квартира №171",
      "type": "Квартира",
      "quarter": "Квартал — 9 Южная Америка",
      "status": "Статус: Сдано",
      "address": "улица Леонида Щемелёва, дом 16",
      "location": "Местоположение: Минск Мир, Дом 9.8",
      "house_number": "9.8",
      "house_name": "Панама-Сити ",
      "floor": "Этаж: 5",
      "floor_total": "Этажность дома: 19",
      "area": 61.3,
      "price_per_sqm": 1430.0,
      "total_price": 95095.0
    },
    {
      "id": "7485",
      "apartment": "Квартира №3",
      "type": "Квартира",
      "quarter": "Квартал — 9 Южная Америка",
      "status": "Статус: Сдано",
      "address": "улица Игоря Лученка, дом 27",
      "location": "Местоположение: Минск Мир, Дом 9.11",
      "house_number": "9.11",
      "house_name": "Кара́кас",
      "floor": "Этаж: 1",
      "floor_total": "Этажность дома: 25",
      "area": 64.2,
      "price_per_sqm": 1690.0,
      "total_price": 116441.0
    }
  ],
  "statistics": {
    "min_price": 79002.0,
    "max_price": 125972.0,
    "avg_price": 100084.63888888889,
    "min_area": 40.6,
    "max_area": 71.0,
    "available_count": 0
  }
}